model,fold,feature,importance,normalized_importance,signed_coefficient
Logistic Regression,AUG2024_DEMO_INTERVAL,proton_density,3.767578123573259,0.060146351772522165,-3.767578123573259
Logistic Regression,AUG2024_DEMO_INTERVAL,proton_bulk_speed,1.1681196076490785,0.01864808917815023,1.1681196076490785
Logistic Regression,AUG2024_DEMO_INTERVAL,proton_thermal,1.550732780500496,0.024756200472016734,-1.550732780500496
Logistic Regression,AUG2024_DEMO_INTERVAL,alpha_proton_ratio,0.016699691878202753,0.00026659713727355795,-0.016699691878202753
Logistic Regression,AUG2024_DEMO_INTERVAL,bmag_gse,0.6158780633901194,0.009831997488750029,0.6158780633901194
Logistic Regression,AUG2024_DEMO_INTERVAL,Bx_gse,2.478396529415956,0.039565605436914474,-2.478396529415956
Logistic Regression,AUG2024_DEMO_INTERVAL,By_gse,3.323609242779519,0.053058745993840285,3.323609242779519
Logistic Regression,AUG2024_DEMO_INTERVAL,Bz_gse,1.5885351889165933,0.025359685490739244,-1.5885351889165933
Logistic Regression,AUG2024_DEMO_INTERVAL,d_proton_bulk_speed_dt,0.11558457831652276,0.0018452147450922093,-0.11558457831652276
Logistic Regression,AUG2024_DEMO_INTERVAL,d_proton_density_dt,0.1155812461593558,0.0018451615498854873,-0.1155812461593558
Logistic Regression,AUG2024_DEMO_INTERVAL,d_bmag_gse_dt,0.09788860645463134,0.001562712799902942,0.09788860645463134
Logistic Regression,AUG2024_DEMO_INTERVAL,proton_density_rolling_mean_5m,1.1647173359518814,0.01859377464939635,-1.1647173359518814
Logistic Regression,AUG2024_DEMO_INTERVAL,proton_density_rolling_median_5m,0.46148341460313635,0.007367211211424058,-0.46148341460313635
Logistic Regression,AUG2024_DEMO_INTERVAL,proton_density_rolling_variance_5m,0.16414481595020716,0.002620439847021289,0.16414481595020716
Logistic Regression,AUG2024_DEMO_INTERVAL,proton_density_rolling_mean_15m,0.9275278271384158,0.014807235083146781,-0.9275278271384158
Logistic Regression,AUG2024_DEMO_INTERVAL,proton_density_rolling_median_15m,0.48742025594317556,0.007781272003779055,-0.48742025594317556
Logistic Regression,AUG2024_DEMO_INTERVAL,proton_density_rolling_variance_15m,0.8770635730579326,0.014001613891413143,-0.8770635730579326
Logistic Regression,AUG2024_DEMO_INTERVAL,proton_density_rolling_mean_60m,0.10402597800582492,0.0016606909960197242,-0.10402597800582492
Logistic Regression,AUG2024_DEMO_INTERVAL,proton_density_rolling_median_60m,0.255221453008967,0.004074405039280953,0.255221453008967
Logistic Regression,AUG2024_DEMO_INTERVAL,proton_density_rolling_variance_60m,1.6057920979145663,0.025635178150759812,-1.6057920979145663
Logistic Regression,AUG2024_DEMO_INTERVAL,proton_bulk_speed_rolling_mean_5m,0.20578297490122574,0.0032851595351834394,-0.20578297490122574
Logistic Regression,AUG2024_DEMO_INTERVAL,proton_bulk_speed_rolling_median_5m,0.43903142599812717,0.007008783287612678,-0.43903142599812717
Logistic Regression,AUG2024_DEMO_INTERVAL,proton_bulk_speed_rolling_variance_5m,0.16510671715683053,0.002635795825436705,-0.16510671715683053
Logistic Regression,AUG2024_DEMO_INTERVAL,proton_bulk_speed_rolling_mean_15m,0.38357870368747676,0.006123525216393941,0.38357870368747676
Logistic Regression,AUG2024_DEMO_INTERVAL,proton_bulk_speed_rolling_median_15m,0.3069357143112022,0.004899981590030847,-0.3069357143112022
Logistic Regression,AUG2024_DEMO_INTERVAL,proton_bulk_speed_rolling_variance_15m,0.355479962877001,0.00567495143936263,-0.355479962877001
Logistic Regression,AUG2024_DEMO_INTERVAL,proton_bulk_speed_rolling_mean_60m,0.25586119052252365,0.004084617933684312,-0.25586119052252365
Logistic Regression,AUG2024_DEMO_INTERVAL,proton_bulk_speed_rolling_median_60m,0.2878453644605752,0.00459521952275158,-0.2878453644605752
Logistic Regression,AUG2024_DEMO_INTERVAL,proton_bulk_speed_rolling_variance_60m,0.17105106326026576,0.002730692525669093,-0.17105106326026576
Logistic Regression,AUG2024_DEMO_INTERVAL,proton_thermal_rolling_mean_5m,0.6992478964494937,0.011162929759279778,-0.6992478964494937
Logistic Regression,AUG2024_DEMO_INTERVAL,proton_thermal_rolling_median_5m,0.09837178955890194,0.0015704264291912541,-0.09837178955890194
Logistic Regression,AUG2024_DEMO_INTERVAL,proton_thermal_rolling_variance_5m,0.1751697512317559,0.0027964440635136634,0.1751697512317559
Logistic Regression,AUG2024_DEMO_INTERVAL,proton_thermal_rolling_mean_15m,0.8209010031873879,0.013105023675341157,-0.8209010031873879
Logistic Regression,AUG2024_DEMO_INTERVAL,proton_thermal_rolling_median_15m,0.4593060978824075,0.007332452102757999,0.4593060978824075
Logistic Regression,AUG2024_DEMO_INTERVAL,proton_thermal_rolling_variance_15m,0.5989479323222718,0.009561721575321615,0.5989479323222718
Logistic Regression,AUG2024_DEMO_INTERVAL,proton_thermal_rolling_mean_60m,2.5080256055739247,0.04003860978582015,-2.5080256055739247
Logistic Regression,AUG2024_DEMO_INTERVAL,proton_thermal_rolling_median_60m,0.8653489967351045,0.013814600110870583,-0.8653489967351045
Logistic Regression,AUG2024_DEMO_INTERVAL,proton_thermal_rolling_variance_60m,0.986071359617651,0.015741835450547418,0.986071359617651
Logistic Regression,AUG2024_DEMO_INTERVAL,alpha_proton_ratio_rolling_mean_5m,0.034127994644407425,0.000544825960828777,0.034127994644407425
Logistic Regression,AUG2024_DEMO_INTERVAL,alpha_proton_ratio_rolling_median_5m,0.24457083919730246,0.0039043765637195487,-0.24457083919730246
Logistic Regression,AUG2024_DEMO_INTERVAL,alpha_proton_ratio_rolling_variance_5m,0.11633179827309935,0.0018571435101730192,0.11633179827309935
Logistic Regression,AUG2024_DEMO_INTERVAL,alpha_proton_ratio_rolling_mean_15m,0.170639844459548,0.002724127748554402,-0.170639844459548
Logistic Regression,AUG2024_DEMO_INTERVAL,alpha_proton_ratio_rolling_median_15m,0.28507893724681177,0.004551055739309105,0.28507893724681177
Logistic Regression,AUG2024_DEMO_INTERVAL,alpha_proton_ratio_rolling_variance_15m,0.23249171860757337,0.0037115431274208164,-0.23249171860757337
Logistic Regression,AUG2024_DEMO_INTERVAL,alpha_proton_ratio_rolling_mean_60m,0.5930657518115535,0.009467817298732497,0.5930657518115535
Logistic Regression,AUG2024_DEMO_INTERVAL,alpha_proton_ratio_rolling_median_60m,0.19405394871589066,0.0030979150742183634,0.19405394871589066
Logistic Regression,AUG2024_DEMO_INTERVAL,alpha_proton_ratio_rolling_variance_60m,0.8759463353294152,0.013983778090474474,-0.8759463353294152
Logistic Regression,AUG2024_DEMO_INTERVAL,bmag_gse_rolling_mean_5m,0.54911264873145,0.0087661413911225,0.54911264873145
Logistic Regression,AUG2024_DEMO_INTERVAL,bmag_gse_rolling_median_5m,0.5811990069324848,0.009278374269688068,0.5811990069324848
Logistic Regression,AUG2024_DEMO_INTERVAL,bmag_gse_rolling_variance_5m,0.20710718372763337,0.0033062994630843516,-0.20710718372763337
Logistic Regression,AUG2024_DEMO_INTERVAL,bmag_gse_rolling_mean_15m,0.29147728375210163,0.004653200190478352,0.29147728375210163
Logistic Regression,AUG2024_DEMO_INTERVAL,bmag_gse_rolling_median_15m,0.05646317665705296,0.0009013891614245473,-0.05646317665705296
Logistic Regression,AUG2024_DEMO_INTERVAL,bmag_gse_rolling_variance_15m,0.9187573738208717,0.014667221856309913,0.9187573738208717
Logistic Regression,AUG2024_DEMO_INTERVAL,bmag_gse_rolling_mean_60m,1.5330499688178472,0.024473908618494883,1.5330499688178472
Logistic Regression,AUG2024_DEMO_INTERVAL,bmag_gse_rolling_median_60m,1.8398299794018707,0.029371404523865715,1.8398299794018707
Logistic Regression,AUG2024_DEMO_INTERVAL,bmag_gse_rolling_variance_60m,2.636791789714596,0.04209425825645752,2.636791789714596
Logistic Regression,AUG2024_DEMO_INTERVAL,density_compression_ratio,0.9344724233223384,0.01491809997069427,0.9344724233223384
Logistic Regression,AUG2024_DEMO_INTERVAL,bmag_compression_ratio,0.04592626163130492,0.0007331757954506665,0.04592626163130492
Logistic Regression,AUG2024_DEMO_INTERVAL,speed_compression_ratio,0.40926591570231335,0.006533600877528319,-0.40926591570231335
Logistic Regression,AUG2024_DEMO_INTERVAL,dynamic_pressure_proxy,9.983053259885873,0.15937140875089392,9.983053259885873
Logistic Regression,AUG2024_DEMO_INTERVAL,dynamic_pressure_compression_ratio,0.4471541384828123,0.007138455853496348,-0.4471541384828123
Logistic Regression,AUG2024_DEMO_INTERVAL,joint_compression_index,0.7355676855190283,0.011742745953670513,-0.7355676855190283
Logistic Regression,AUG2024_DEMO_INTERVAL,js_opdi,1.6254407733929792,0.025948853437224185,1.6254407733929792
Logistic Regression,AUG2024_DEMO_INTERVAL,hellinger_opdi,1.0129884731321155,0.016171545499029816,1.0129884731321155
Logistic Regression,AUG2024_DEMO_INTERVAL,wasserstein_opdi,0.9306978785308632,0.01485784240167699,-0.9306978785308632
Logistic Regression,AUG2024_DEMO_INTERVAL,d_js_opdi_dt,0.012519900110559984,0.00019987012651310126,0.012519900110559984
Logistic Regression,AUG2024_DEMO_INTERVAL,d_hellinger_opdi_dt,0.3478646533625083,0.005553379153429272,-0.3478646533625083
Logistic Regression,AUG2024_DEMO_INTERVAL,d_wasserstein_opdi_dt,0.32769495832263823,0.005231386209096652,0.32769495832263823
Logistic Regression,AUG2024_DEMO_INTERVAL,d_opdi_dt,0.012519900110559984,0.00019987012651310126,0.012519900110559984
Logistic Regression,AUG2024_DEMO_INTERVAL,opdi_rolling_mean,0.024656985358944658,0.0003936289219246437,-0.024656985358944658
Logistic Regression,AUG2024_DEMO_INTERVAL,opdi_rolling_median,0.5898127280832425,0.009415885393654497,0.5898127280832425
Logistic Regression,AUG2024_DEMO_INTERVAL,opdi_rolling_variance,0.6631955539612099,0.01058738313425925,0.6631955539612099
Logistic Regression,AUG2024_DEMO_INTERVAL,opdi_anomaly,0.4521571012115094,0.0072183241259821335,-0.4521571012115094
Logistic Regression,AUG2024_DEMO_INTERVAL,opdi_persistence,0.081733631152292,0.0013048116242560886,-0.081733631152292
Logistic Regression,AUG2024_DEMO_INTERVAL,th1_th2_cosine_similarity,0.5195259491960603,0.008293813550882332,0.5195259491960603
Logistic Regression,AUG2024_DEMO_INTERVAL,th1_th2_spectral_angle_rad,0.15160611385359474,0.0024202695619368083,-0.15160611385359474
Logistic Regression,AUG2024_DEMO_INTERVAL,crossplane_centroid_delta_ev,0.6687888626757843,0.01067667580517009,0.6687888626757843
Logistic Regression,AUG2024_DEMO_INTERVAL,crossplane_width_delta_ev,0.508393209401989,0.008116088322132167,0.508393209401989
Logistic Regression,AUG2024_DEMO_INTERVAL,crossplane_log_peak_energy_ratio,0.12698114727913257,0.0020271517941307118,0.12698114727913257
Random Forest,AUG2024_DEMO_INTERVAL,proton_density,0.00394805276994124,0.003948052769941239,
Random Forest,AUG2024_DEMO_INTERVAL,proton_bulk_speed,0.04203243070966859,0.04203243070966858,
Random Forest,AUG2024_DEMO_INTERVAL,proton_thermal,0.004663046576861983,0.004663046576861982,
Random Forest,AUG2024_DEMO_INTERVAL,alpha_proton_ratio,0.0007784619594564269,0.0007784619594564267,
Random Forest,AUG2024_DEMO_INTERVAL,bmag_gse,0.027667314887877124,0.027667314887877117,
Random Forest,AUG2024_DEMO_INTERVAL,Bx_gse,0.015996974449103123,0.01599697444910312,
Random Forest,AUG2024_DEMO_INTERVAL,By_gse,0.07089164018275922,0.0708916401827592,
Random Forest,AUG2024_DEMO_INTERVAL,Bz_gse,0.010381167556876859,0.010381167556876857,
Random Forest,AUG2024_DEMO_INTERVAL,d_proton_bulk_speed_dt,4.051197201952003e-05,4.051197201952002e-05,
Random Forest,AUG2024_DEMO_INTERVAL,d_proton_density_dt,3.461546585570621e-05,3.4615465855706204e-05,
Random Forest,AUG2024_DEMO_INTERVAL,d_bmag_gse_dt,3.977252793896089e-05,3.9772527938960884e-05,
Random Forest,AUG2024_DEMO_INTERVAL,proton_density_rolling_mean_5m,0.007064948138445065,0.007064948138445063,
Random Forest,AUG2024_DEMO_INTERVAL,proton_density_rolling_median_5m,0.008691980044916716,0.008691980044916715,
Random Forest,AUG2024_DEMO_INTERVAL,proton_density_rolling_variance_5m,3.636686692913343e-05,3.6366866929133424e-05,
Random Forest,AUG2024_DEMO_INTERVAL,proton_density_rolling_mean_15m,0.008541802204565494,0.008541802204565492,
Random Forest,AUG2024_DEMO_INTERVAL,proton_density_rolling_median_15m,0.007139383361248412,0.0071393833612484105,
Random Forest,AUG2024_DEMO_INTERVAL,proton_density_rolling_variance_15m,0.0024624777399234465,0.002462477739923446,
Random Forest,AUG2024_DEMO_INTERVAL,proton_density_rolling_mean_60m,0.017052158395572323,0.01705215839557232,
Random Forest,AUG2024_DEMO_INTERVAL,proton_density_rolling_median_60m,0.01175752761288169,0.011757527612881687,
Random Forest,AUG2024_DEMO_INTERVAL,proton_density_rolling_variance_60m,0.011277994161759659,0.011277994161759657,
Random Forest,AUG2024_DEMO_INTERVAL,proton_bulk_speed_rolling_mean_5m,0.05293813132120643,0.052938131321206415,
Random Forest,AUG2024_DEMO_INTERVAL,proton_bulk_speed_rolling_median_5m,0.04170830143329686,0.04170830143329685,
Random Forest,AUG2024_DEMO_INTERVAL,proton_bulk_speed_rolling_variance_5m,0.00036737315346168514,0.00036737315346168503,
Random Forest,AUG2024_DEMO_INTERVAL,proton_bulk_speed_rolling_mean_15m,0.05546671500360638,0.055466715003606365,
Random Forest,AUG2024_DEMO_INTERVAL,proton_bulk_speed_rolling_median_15m,0.05445080422666106,0.05445080422666105,
Random Forest,AUG2024_DEMO_INTERVAL,proton_bulk_speed_rolling_variance_15m,0.001575947434811913,0.0015759474348119127,
Random Forest,AUG2024_DEMO_INTERVAL,proton_bulk_speed_rolling_mean_60m,0.10746607017550508,0.10746607017550505,
Random Forest,AUG2024_DEMO_INTERVAL,proton_bulk_speed_rolling_median_60m,0.07467768693974797,0.07467768693974795,
Random Forest,AUG2024_DEMO_INTERVAL,proton_bulk_speed_rolling_variance_60m,0.002056326625626901,0.0020563266256269004,
Random Forest,AUG2024_DEMO_INTERVAL,proton_thermal_rolling_mean_5m,0.0032627732361088613,0.0032627732361088604,
Random Forest,AUG2024_DEMO_INTERVAL,proton_thermal_rolling_median_5m,0.0041210186105473225,0.004121018610547322,
Random Forest,AUG2024_DEMO_INTERVAL,proton_thermal_rolling_variance_5m,0.0006460338674859298,0.0006460338674859297,
Random Forest,AUG2024_DEMO_INTERVAL,proton_thermal_rolling_mean_15m,0.009663485329622796,0.009663485329622794,
Random Forest,AUG2024_DEMO_INTERVAL,proton_thermal_rolling_median_15m,0.011140562014007711,0.01114056201400771,
Random Forest,AUG2024_DEMO_INTERVAL,proton_thermal_rolling_variance_15m,0.0010450942209917242,0.001045094220991724,
Random Forest,AUG2024_DEMO_INTERVAL,proton_thermal_rolling_mean_60m,0.025000470143119718,0.02500047014311971,
Random Forest,AUG2024_DEMO_INTERVAL,proton_thermal_rolling_median_60m,0.026476441489866786,0.02647644148986678,
Random Forest,AUG2024_DEMO_INTERVAL,proton_thermal_rolling_variance_60m,0.0037976741396418645,0.0037976741396418636,
Random Forest,AUG2024_DEMO_INTERVAL,alpha_proton_ratio_rolling_mean_5m,0.0007061674969206545,0.0007061674969206544,
Random Forest,AUG2024_DEMO_INTERVAL,alpha_proton_ratio_rolling_median_5m,0.0010672946253456649,0.0010672946253456647,
Random Forest,AUG2024_DEMO_INTERVAL,alpha_proton_ratio_rolling_variance_5m,0.00039222432539412743,0.0003922243253941273,
Random Forest,AUG2024_DEMO_INTERVAL,alpha_proton_ratio_rolling_mean_15m,0.0009411968971740517,0.0009411968971740515,
Random Forest,AUG2024_DEMO_INTERVAL,alpha_proton_ratio_rolling_median_15m,0.0012705078700505368,0.0012705078700505365,
Random Forest,AUG2024_DEMO_INTERVAL,alpha_proton_ratio_rolling_variance_15m,0.0008627085563346956,0.0008627085563346953,
Random Forest,AUG2024_DEMO_INTERVAL,alpha_proton_ratio_rolling_mean_60m,0.0013717496752523553,0.0013717496752523551,
Random Forest,AUG2024_DEMO_INTERVAL,alpha_proton_ratio_rolling_median_60m,0.004140224914295357,0.004140224914295356,
Random Forest,AUG2024_DEMO_INTERVAL,alpha_proton_ratio_rolling_variance_60m,0.0027272011852235334,0.002727201185223533,
Random Forest,AUG2024_DEMO_INTERVAL,bmag_gse_rolling_mean_5m,0.02362672757339876,0.023626727573398752,
Random Forest,AUG2024_DEMO_INTERVAL,bmag_gse_rolling_median_5m,0.015621050059210217,0.015621050059210214,
Random Forest,AUG2024_DEMO_INTERVAL,bmag_gse_rolling_variance_5m,0.0007622059240675238,0.0007622059240675236,
Random Forest,AUG2024_DEMO_INTERVAL,bmag_gse_rolling_mean_15m,0.02436446823558537,0.024364468235585364,
Random Forest,AUG2024_DEMO_INTERVAL,bmag_gse_rolling_median_15m,0.01771009057920585,0.017710090579205848,
Random Forest,AUG2024_DEMO_INTERVAL,bmag_gse_rolling_variance_15m,0.003242775147143987,0.003242775147143986,
Random Forest,AUG2024_DEMO_INTERVAL,bmag_gse_rolling_mean_60m,0.03555309159605093,0.035553091596050926,
Random Forest,AUG2024_DEMO_INTERVAL,bmag_gse_rolling_median_60m,0.024273905894056653,0.024273905894056647,
Random Forest,AUG2024_DEMO_INTERVAL,bmag_gse_rolling_variance_60m,0.018076045426761625,0.01807604542676162,
Random Forest,AUG2024_DEMO_INTERVAL,density_compression_ratio,0.00011182417764903461,0.00011182417764903458,
Random Forest,AUG2024_DEMO_INTERVAL,bmag_compression_ratio,0.00027533787069838786,0.0002753378706983878,
Random Forest,AUG2024_DEMO_INTERVAL,speed_compression_ratio,0.00021632428547958577,0.00021632428547958572,
Random Forest,AUG2024_DEMO_INTERVAL,dynamic_pressure_proxy,0.006232500047998277,0.006232500047998276,
Random Forest,AUG2024_DEMO_INTERVAL,dynamic_pressure_compression_ratio,0.00014081900563013517,0.00014081900563013515,
Random Forest,AUG2024_DEMO_INTERVAL,joint_compression_index,4.7374605196746576e-05,4.737460519674656e-05,
Random Forest,AUG2024_DEMO_INTERVAL,js_opdi,0.007276674215722855,0.007276674215722853,
Random Forest,AUG2024_DEMO_INTERVAL,hellinger_opdi,0.008651869581283844,0.008651869581283842,
Random Forest,AUG2024_DEMO_INTERVAL,wasserstein_opdi,0.0011621097157751325,0.0011621097157751322,
Random Forest,AUG2024_DEMO_INTERVAL,d_js_opdi_dt,0.000229949557664947,0.00022994955766494695,
Random Forest,AUG2024_DEMO_INTERVAL,d_hellinger_opdi_dt,3.2188784895355556e-05,3.218878489535555e-05,
Random Forest,AUG2024_DEMO_INTERVAL,d_wasserstein_opdi_dt,8.931677659793609e-05,8.931677659793607e-05,
Random Forest,AUG2024_DEMO_INTERVAL,d_opdi_dt,0.00018665462963866019,0.00018665462963866013,
Random Forest,AUG2024_DEMO_INTERVAL,opdi_rolling_mean,0.020417096443587853,0.02041709644358785,
Random Forest,AUG2024_DEMO_INTERVAL,opdi_rolling_median,0.021494065518989795,0.021494065518989792,
Random Forest,AUG2024_DEMO_INTERVAL,opdi_rolling_variance,0.013121539587204856,0.013121539587204852,
Random Forest,AUG2024_DEMO_INTERVAL,opdi_anomaly,8.202086869579765e-05,8.202086869579763e-05,
Random Forest,AUG2024_DEMO_INTERVAL,opdi_persistence,2.4724022750999463e-07,2.472402275099946e-07,
Random Forest,AUG2024_DEMO_INTERVAL,th1_th2_cosine_similarity,0.0014479814049349797,0.0014479814049349795,
Random Forest,AUG2024_DEMO_INTERVAL,th1_th2_spectral_angle_rad,0.0022108488236190667,0.0022108488236190662,
Random Forest,AUG2024_DEMO_INTERVAL,crossplane_centroid_delta_ev,0.007694223220355735,0.007694223220355734,
Random Forest,AUG2024_DEMO_INTERVAL,crossplane_width_delta_ev,0.0013295396219765692,0.001329539621976569,
Random Forest,AUG2024_DEMO_INTERVAL,crossplane_log_peak_energy_ratio,0.004480321084787484,0.004480321084787483,
Logistic Regression,MAR2025_CIR_HSS_INTERVAL,proton_density,2.2793680246980923,0.027288620366062562,-2.2793680246980923
Logistic Regression,MAR2025_CIR_HSS_INTERVAL,proton_bulk_speed,1.0568170692578993,0.012652226181497596,1.0568170692578993
Logistic Regression,MAR2025_CIR_HSS_INTERVAL,proton_thermal,1.4456864066899624,0.017307774388808872,1.4456864066899624
Logistic Regression,MAR2025_CIR_HSS_INTERVAL,alpha_proton_ratio,0.5884930749456598,0.007045445902653649,0.5884930749456598
Logistic Regression,MAR2025_CIR_HSS_INTERVAL,bmag_gse,2.686998307790248,0.032168774831897805,2.686998307790248
Logistic Regression,MAR2025_CIR_HSS_INTERVAL,Bx_gse,3.4308617057280477,0.04107431603919038,-3.4308617057280477
Logistic Regression,MAR2025_CIR_HSS_INTERVAL,By_gse,0.4422635857991685,0.005294784766582651,0.4422635857991685
Logistic Regression,MAR2025_CIR_HSS_INTERVAL,Bz_gse,0.70103387063414,0.008392785610836279,-0.70103387063414
Logistic Regression,MAR2025_CIR_HSS_INTERVAL,d_proton_bulk_speed_dt,0.009351932471064707,0.00011196144375401606,-0.009351932471064707
Logistic Regression,MAR2025_CIR_HSS_INTERVAL,d_proton_density_dt,0.03406867785286222,0.0004078706054602919,-0.03406867785286222
Logistic Regression,MAR2025_CIR_HSS_INTERVAL,d_bmag_gse_dt,0.013036181175494732,0.0001560693118735863,-0.013036181175494732
Logistic Regression,MAR2025_CIR_HSS_INTERVAL,proton_density_rolling_mean_5m,0.05717592113571872,0.0006845107894146316,-0.05717592113571872
Logistic Regression,MAR2025_CIR_HSS_INTERVAL,proton_density_rolling_median_5m,0.41261167291829676,0.004939791722473047,-0.41261167291829676
Logistic Regression,MAR2025_CIR_HSS_INTERVAL,proton_density_rolling_variance_5m,0.03477827001387548,0.00041636585102257427,0.03477827001387548
Logistic Regression,MAR2025_CIR_HSS_INTERVAL,proton_density_rolling_mean_15m,0.2357366022260236,0.002822241329538486,0.2357366022260236
Logistic Regression,MAR2025_CIR_HSS_INTERVAL,proton_density_rolling_median_15m,0.03635165862473372,0.0004352024776773173,0.03635165862473372
Logistic Regression,MAR2025_CIR_HSS_INTERVAL,proton_density_rolling_variance_15m,0.08066937156737684,0.000965774649823195,0.08066937156737684
Logistic Regression,MAR2025_CIR_HSS_INTERVAL,proton_density_rolling_mean_60m,1.4698697757974997,0.01759729796358805,1.4698697757974997
Logistic Regression,MAR2025_CIR_HSS_INTERVAL,proton_density_rolling_median_60m,1.1115952718191275,0.013308031456394625,-1.1115952718191275
Logistic Regression,MAR2025_CIR_HSS_INTERVAL,proton_density_rolling_variance_60m,0.15704058842993093,0.001880091741786663,-0.15704058842993093
Logistic Regression,MAR2025_CIR_HSS_INTERVAL,proton_bulk_speed_rolling_mean_5m,0.12262855325575159,0.0014681104585026036,-0.12262855325575159
Logistic Regression,MAR2025_CIR_HSS_INTERVAL,proton_bulk_speed_rolling_median_5m,0.3370251278262318,0.0040348687300252465,-0.3370251278262318
Logistic Regression,MAR2025_CIR_HSS_INTERVAL,proton_bulk_speed_rolling_variance_5m,0.38674769704457623,0.004630147904042961,0.38674769704457623
Logistic Regression,MAR2025_CIR_HSS_INTERVAL,proton_bulk_speed_rolling_mean_15m,0.9726338763955513,0.011644384022472873,0.9726338763955513
Logistic Regression,MAR2025_CIR_HSS_INTERVAL,proton_bulk_speed_rolling_median_15m,0.6348135211681404,0.007599994820799199,0.6348135211681404
Logistic Regression,MAR2025_CIR_HSS_INTERVAL,proton_bulk_speed_rolling_variance_15m,0.026124471045464323,0.000312762469640371,-0.026124471045464323
Logistic Regression,MAR2025_CIR_HSS_INTERVAL,proton_bulk_speed_rolling_mean_60m,3.272172460554334,0.03917448655979068,3.272172460554334
Logistic Regression,MAR2025_CIR_HSS_INTERVAL,proton_bulk_speed_rolling_median_60m,2.7397125366551336,0.032799870189820154,2.7397125366551336
Logistic Regression,MAR2025_CIR_HSS_INTERVAL,proton_bulk_speed_rolling_variance_60m,1.0521043165207014,0.012595805051196993,-1.0521043165207014
Logistic Regression,MAR2025_CIR_HSS_INTERVAL,proton_thermal_rolling_mean_5m,0.6828345114581686,0.008174902672198284,0.6828345114581686
Logistic Regression,MAR2025_CIR_HSS_INTERVAL,proton_thermal_rolling_median_5m,0.012427563283670217,0.00014878293143039643,-0.012427563283670217
Logistic Regression,MAR2025_CIR_HSS_INTERVAL,proton_thermal_rolling_variance_5m,1.5044230190401358,0.01801096979150158,1.5044230190401358
Logistic Regression,MAR2025_CIR_HSS_INTERVAL,proton_thermal_rolling_mean_15m,1.0195088013218285,0.012205571166076104,-1.0195088013218285
Logistic Regression,MAR2025_CIR_HSS_INTERVAL,proton_thermal_rolling_median_15m,0.1824566457959789,0.0021843730746600658,-0.1824566457959789
Logistic Regression,MAR2025_CIR_HSS_INTERVAL,proton_thermal_rolling_variance_15m,3.8855994068698023,0.04651844105899142,3.8855994068698023
Logistic Regression,MAR2025_CIR_HSS_INTERVAL,proton_thermal_rolling_mean_60m,0.5052379607273529,0.006048714711894106,0.5052379607273529
Logistic Regression,MAR2025_CIR_HSS_INTERVAL,proton_thermal_rolling_median_60m,0.4680483194959588,0.005603479896753624,0.4680483194959588
Logistic Regression,MAR2025_CIR_HSS_INTERVAL,proton_thermal_rolling_variance_60m,9.682152809582655,0.11591484546770489,9.682152809582655
Logistic Regression,MAR2025_CIR_HSS_INTERVAL,alpha_proton_ratio_rolling_mean_5m,0.9954583609140699,0.01191763901522878,0.9954583609140699
Logistic Regression,MAR2025_CIR_HSS_INTERVAL,alpha_proton_ratio_rolling_median_5m,0.3621776700552647,0.004335995256629194,-0.3621776700552647
Logistic Regression,MAR2025_CIR_HSS_INTERVAL,alpha_proton_ratio_rolling_variance_5m,0.3486526499396623,0.004174073559308324,0.3486526499396623
Logistic Regression,MAR2025_CIR_HSS_INTERVAL,alpha_proton_ratio_rolling_mean_15m,0.5383393391086375,0.00644500479688813,0.5383393391086375
Logistic Regression,MAR2025_CIR_HSS_INTERVAL,alpha_proton_ratio_rolling_median_15m,0.8300596012292246,0.009937483150466582,-0.8300596012292246
Logistic Regression,MAR2025_CIR_HSS_INTERVAL,alpha_proton_ratio_rolling_variance_15m,1.3156590198128686,0.015751085008580273,1.3156590198128686
Logistic Regression,MAR2025_CIR_HSS_INTERVAL,alpha_proton_ratio_rolling_mean_60m,0.6375005150220793,0.0076321635423095375,0.6375005150220793
Logistic Regression,MAR2025_CIR_HSS_INTERVAL,alpha_proton_ratio_rolling_median_60m,0.7596788429426419,0.009094883897889738,-0.7596788429426419
Logistic Regression,MAR2025_CIR_HSS_INTERVAL,alpha_proton_ratio_rolling_variance_60m,6.3659967259136305,0.0762137864630543,6.3659967259136305
Logistic Regression,MAR2025_CIR_HSS_INTERVAL,bmag_gse_rolling_mean_5m,0.7199385145772911,0.00861911222686774,0.7199385145772911
Logistic Regression,MAR2025_CIR_HSS_INTERVAL,bmag_gse_rolling_median_5m,0.49820634985149237,0.005964532185126122,0.49820634985149237
Logistic Regression,MAR2025_CIR_HSS_INTERVAL,bmag_gse_rolling_variance_5m,0.41558319396544174,0.004975366806832689,-0.41558319396544174
Logistic Regression,MAR2025_CIR_HSS_INTERVAL,bmag_gse_rolling_mean_15m,0.4030010211854025,0.004824732888722789,-0.4030010211854025
Logistic Regression,MAR2025_CIR_HSS_INTERVAL,bmag_gse_rolling_median_15m,0.6194325297766182,0.00741585341388773,-0.6194325297766182
Logistic Regression,MAR2025_CIR_HSS_INTERVAL,bmag_gse_rolling_variance_15m,2.074730832060737,0.02483870152796828,-2.074730832060737
Logistic Regression,MAR2025_CIR_HSS_INTERVAL,bmag_gse_rolling_mean_60m,1.7830440538423034,0.021346624044053852,1.7830440538423034
Logistic Regression,MAR2025_CIR_HSS_INTERVAL,bmag_gse_rolling_median_60m,1.863243346711943,0.022306770906268494,1.863243346711943
Logistic Regression,MAR2025_CIR_HSS_INTERVAL,bmag_gse_rolling_variance_60m,3.6990750695757737,0.04428536953464978,-3.6990750695757737
Logistic Regression,MAR2025_CIR_HSS_INTERVAL,density_compression_ratio,0.11303989171215846,0.001353314891553105,-0.11303989171215846
Logistic Regression,MAR2025_CIR_HSS_INTERVAL,bmag_compression_ratio,0.07050962286410324,0.0008441420207899999,0.07050962286410324
Logistic Regression,MAR2025_CIR_HSS_INTERVAL,speed_compression_ratio,0.029241587299864927,0.0003500806215059468,-0.029241587299864927
Logistic Regression,MAR2025_CIR_HSS_INTERVAL,dynamic_pressure_proxy,2.3852565589036603,0.028556319122799007,2.3852565589036603
Logistic Regression,MAR2025_CIR_HSS_INTERVAL,dynamic_pressure_compression_ratio,0.022915035529287475,0.0002743390705045915,0.022915035529287475
Logistic Regression,MAR2025_CIR_HSS_INTERVAL,joint_compression_index,0.1335544311794855,0.001598915195427967,0.1335544311794855
Logistic Regression,MAR2025_CIR_HSS_INTERVAL,js_opdi,0.9630844861745066,0.011530058612251329,-0.9630844861745066
Logistic Regression,MAR2025_CIR_HSS_INTERVAL,hellinger_opdi,2.3469649011097466,0.028097890952620698,2.3469649011097466
Logistic Regression,MAR2025_CIR_HSS_INTERVAL,wasserstein_opdi,0.4827157070538993,0.0057790780303124045,-0.4827157070538993
Logistic Regression,MAR2025_CIR_HSS_INTERVAL,d_js_opdi_dt,0.3136160119082601,0.003754614523390365,0.3136160119082601
Logistic Regression,MAR2025_CIR_HSS_INTERVAL,d_hellinger_opdi_dt,0.5679376753510781,0.006799356420862504,-0.5679376753510781
Logistic Regression,MAR2025_CIR_HSS_INTERVAL,d_wasserstein_opdi_dt,0.04615495227340701,0.0005525676226723258,-0.04615495227340701
Logistic Regression,MAR2025_CIR_HSS_INTERVAL,d_opdi_dt,0.3136160119082601,0.003754614523390365,0.3136160119082601
Logistic Regression,MAR2025_CIR_HSS_INTERVAL,opdi_rolling_mean,1.9468444117997141,0.02330764382484023,1.9468444117997141
Logistic Regression,MAR2025_CIR_HSS_INTERVAL,opdi_rolling_median,0.8890639693336869,0.010643884128147818,-0.8890639693336869
Logistic Regression,MAR2025_CIR_HSS_INTERVAL,opdi_rolling_variance,0.7205580980237023,0.008626529887057323,0.7205580980237023
Logistic Regression,MAR2025_CIR_HSS_INTERVAL,opdi_anomaly,0.2185306214961043,0.0026162511291509265,-0.2185306214961043
Logistic Regression,MAR2025_CIR_HSS_INTERVAL,opdi_persistence,0.07016947460316382,0.0008400697618742061,-0.07016947460316382
Logistic Regression,MAR2025_CIR_HSS_INTERVAL,th1_th2_cosine_similarity,0.5394539181421167,0.006458348549973644,0.5394539181421167
Logistic Regression,MAR2025_CIR_HSS_INTERVAL,th1_th2_spectral_angle_rad,0.1530489346005856,0.0018323036159546477,-0.1530489346005856
Logistic Regression,MAR2025_CIR_HSS_INTERVAL,crossplane_centroid_delta_ev,0.6947762825946519,0.008317869694421498,0.6947762825946519
Logistic Regression,MAR2025_CIR_HSS_INTERVAL,crossplane_width_delta_ev,2.346676857710507,0.028094442493712075,-2.346676857710507
Logistic Regression,MAR2025_CIR_HSS_INTERVAL,crossplane_log_peak_energy_ratio,0.1601851671172463,0.00191773867421686,-0.1601851671172463
Random Forest,MAR2025_CIR_HSS_INTERVAL,proton_density,0.0017284050494598482,0.0017284050494598482,
Random Forest,MAR2025_CIR_HSS_INTERVAL,proton_bulk_speed,0.03449566695900558,0.03449566695900558,
Random Forest,MAR2025_CIR_HSS_INTERVAL,proton_thermal,0.0023699522248211953,0.0023699522248211953,
Random Forest,MAR2025_CIR_HSS_INTERVAL,alpha_proton_ratio,0.0023203174802603165,0.0023203174802603165,
Random Forest,MAR2025_CIR_HSS_INTERVAL,bmag_gse,0.05530382305612398,0.05530382305612398,
Random Forest,MAR2025_CIR_HSS_INTERVAL,Bx_gse,0.03967997600610633,0.03967997600610633,
Random Forest,MAR2025_CIR_HSS_INTERVAL,By_gse,0.022686734433388898,0.022686734433388898,
Random Forest,MAR2025_CIR_HSS_INTERVAL,Bz_gse,0.007526177907579337,0.007526177907579337,
Random Forest,MAR2025_CIR_HSS_INTERVAL,d_proton_bulk_speed_dt,0.00013338218636890404,0.00013338218636890404,
Random Forest,MAR2025_CIR_HSS_INTERVAL,d_proton_density_dt,4.440713038770859e-05,4.440713038770859e-05,
Random Forest,MAR2025_CIR_HSS_INTERVAL,d_bmag_gse_dt,7.044288062519253e-05,7.044288062519253e-05,
Random Forest,MAR2025_CIR_HSS_INTERVAL,proton_density_rolling_mean_5m,0.0014162786431464952,0.0014162786431464952,
Random Forest,MAR2025_CIR_HSS_INTERVAL,proton_density_rolling_median_5m,0.004092578045920467,0.004092578045920467,
Random Forest,MAR2025_CIR_HSS_INTERVAL,proton_density_rolling_variance_5m,0.00029947568442903623,0.00029947568442903623,
Random Forest,MAR2025_CIR_HSS_INTERVAL,proton_density_rolling_mean_15m,0.004024973399313289,0.004024973399313289,
Random Forest,MAR2025_CIR_HSS_INTERVAL,proton_density_rolling_median_15m,0.00400399191112894,0.00400399191112894,
Random Forest,MAR2025_CIR_HSS_INTERVAL,proton_density_rolling_variance_15m,0.0005278435294326489,0.0005278435294326489,
Random Forest,MAR2025_CIR_HSS_INTERVAL,proton_density_rolling_mean_60m,0.008225229336115957,0.008225229336115957,
Random Forest,MAR2025_CIR_HSS_INTERVAL,proton_density_rolling_median_60m,0.010375209142031605,0.010375209142031605,
Random Forest,MAR2025_CIR_HSS_INTERVAL,proton_density_rolling_variance_60m,0.006774961524202395,0.006774961524202395,
Random Forest,MAR2025_CIR_HSS_INTERVAL,proton_bulk_speed_rolling_mean_5m,0.03451059521157697,0.03451059521157697,
Random Forest,MAR2025_CIR_HSS_INTERVAL,proton_bulk_speed_rolling_median_5m,0.024083164021988398,0.024083164021988398,
Random Forest,MAR2025_CIR_HSS_INTERVAL,proton_bulk_speed_rolling_variance_5m,0.00046280843107358047,0.00046280843107358047,
Random Forest,MAR2025_CIR_HSS_INTERVAL,proton_bulk_speed_rolling_mean_15m,0.04283058177077974,0.04283058177077974,
Random Forest,MAR2025_CIR_HSS_INTERVAL,proton_bulk_speed_rolling_median_15m,0.042399280776001476,0.042399280776001476,
Random Forest,MAR2025_CIR_HSS_INTERVAL,proton_bulk_speed_rolling_variance_15m,0.0012855794945690643,0.0012855794945690643,
Random Forest,MAR2025_CIR_HSS_INTERVAL,proton_bulk_speed_rolling_mean_60m,0.051844935839592585,0.051844935839592585,
Random Forest,MAR2025_CIR_HSS_INTERVAL,proton_bulk_speed_rolling_median_60m,0.04345225112489238,0.04345225112489238,
Random Forest,MAR2025_CIR_HSS_INTERVAL,proton_bulk_speed_rolling_variance_60m,0.002599414318817437,0.002599414318817437,
Random Forest,MAR2025_CIR_HSS_INTERVAL,proton_thermal_rolling_mean_5m,0.0020699205570781118,0.0020699205570781118,
Random Forest,MAR2025_CIR_HSS_INTERVAL,proton_thermal_rolling_median_5m,0.0032044145258896127,0.0032044145258896127,
Random Forest,MAR2025_CIR_HSS_INTERVAL,proton_thermal_rolling_variance_5m,0.00448010112213694,0.00448010112213694,
Random Forest,MAR2025_CIR_HSS_INTERVAL,proton_thermal_rolling_mean_15m,0.0038401268069259897,0.0038401268069259897,
Random Forest,MAR2025_CIR_HSS_INTERVAL,proton_thermal_rolling_median_15m,0.0035747406740956893,0.0035747406740956893,
Random Forest,MAR2025_CIR_HSS_INTERVAL,proton_thermal_rolling_variance_15m,0.010135154700098396,0.010135154700098396,
Random Forest,MAR2025_CIR_HSS_INTERVAL,proton_thermal_rolling_mean_60m,0.006307666111400429,0.006307666111400429,
Random Forest,MAR2025_CIR_HSS_INTERVAL,proton_thermal_rolling_median_60m,0.005700830409341826,0.005700830409341826,
Random Forest,MAR2025_CIR_HSS_INTERVAL,proton_thermal_rolling_variance_60m,0.029906845016855775,0.029906845016855775,
Random Forest,MAR2025_CIR_HSS_INTERVAL,alpha_proton_ratio_rolling_mean_5m,0.002515844092112032,0.002515844092112032,
Random Forest,MAR2025_CIR_HSS_INTERVAL,alpha_proton_ratio_rolling_median_5m,0.0009131796032317294,0.0009131796032317294,
Random Forest,MAR2025_CIR_HSS_INTERVAL,alpha_proton_ratio_rolling_variance_5m,0.000300723197142292,0.000300723197142292,
Random Forest,MAR2025_CIR_HSS_INTERVAL,alpha_proton_ratio_rolling_mean_15m,0.0044264666183877035,0.0044264666183877035,
Random Forest,MAR2025_CIR_HSS_INTERVAL,alpha_proton_ratio_rolling_median_15m,0.0050153616553550075,0.0050153616553550075,
Random Forest,MAR2025_CIR_HSS_INTERVAL,alpha_proton_ratio_rolling_variance_15m,0.00309774510184244,0.00309774510184244,
Random Forest,MAR2025_CIR_HSS_INTERVAL,alpha_proton_ratio_rolling_mean_60m,0.013945168591515823,0.013945168591515823,
Random Forest,MAR2025_CIR_HSS_INTERVAL,alpha_proton_ratio_rolling_median_60m,0.011309159339883463,0.011309159339883463,
Random Forest,MAR2025_CIR_HSS_INTERVAL,alpha_proton_ratio_rolling_variance_60m,0.01739362345248113,0.01739362345248113,
Random Forest,MAR2025_CIR_HSS_INTERVAL,bmag_gse_rolling_mean_5m,0.04912567534939365,0.04912567534939365,
Random Forest,MAR2025_CIR_HSS_INTERVAL,bmag_gse_rolling_median_5m,0.033913404068801556,0.033913404068801556,
Random Forest,MAR2025_CIR_HSS_INTERVAL,bmag_gse_rolling_variance_5m,0.00023845048949449867,0.00023845048949449867,
Random Forest,MAR2025_CIR_HSS_INTERVAL,bmag_gse_rolling_mean_15m,0.0529724505549991,0.0529724505549991,
Random Forest,MAR2025_CIR_HSS_INTERVAL,bmag_gse_rolling_median_15m,0.04983522869414426,0.04983522869414426,
Random Forest,MAR2025_CIR_HSS_INTERVAL,bmag_gse_rolling_variance_15m,0.0011717128133399172,0.0011717128133399172,
Random Forest,MAR2025_CIR_HSS_INTERVAL,bmag_gse_rolling_mean_60m,0.0821281771078169,0.0821281771078169,
Random Forest,MAR2025_CIR_HSS_INTERVAL,bmag_gse_rolling_median_60m,0.0834495907601051,0.0834495907601051,
Random Forest,MAR2025_CIR_HSS_INTERVAL,bmag_gse_rolling_variance_60m,0.0038030212671545257,0.0038030212671545257,
Random Forest,MAR2025_CIR_HSS_INTERVAL,density_compression_ratio,0.00021301000111262683,0.00021301000111262683,
Random Forest,MAR2025_CIR_HSS_INTERVAL,bmag_compression_ratio,0.000664625663698622,0.000664625663698622,
Random Forest,MAR2025_CIR_HSS_INTERVAL,speed_compression_ratio,0.00027056983923479854,0.00027056983923479854,
Random Forest,MAR2025_CIR_HSS_INTERVAL,dynamic_pressure_proxy,0.006975187241031446,0.006975187241031446,
Random Forest,MAR2025_CIR_HSS_INTERVAL,dynamic_pressure_compression_ratio,0.0003057714097161078,0.0003057714097161078,
Random Forest,MAR2025_CIR_HSS_INTERVAL,joint_compression_index,0.00020696416587224519,0.00020696416587224519,
Random Forest,MAR2025_CIR_HSS_INTERVAL,js_opdi,0.0038771073567049853,0.0038771073567049853,
Random Forest,MAR2025_CIR_HSS_INTERVAL,hellinger_opdi,0.004208833125349278,0.004208833125349278,
Random Forest,MAR2025_CIR_HSS_INTERVAL,wasserstein_opdi,0.004309367436508653,0.004309367436508653,
Random Forest,MAR2025_CIR_HSS_INTERVAL,d_js_opdi_dt,9.61141469033262e-05,9.61141469033262e-05,
Random Forest,MAR2025_CIR_HSS_INTERVAL,d_hellinger_opdi_dt,4.245400804045581e-05,4.245400804045581e-05,
Random Forest,MAR2025_CIR_HSS_INTERVAL,d_wasserstein_opdi_dt,5.622706852413808e-05,5.622706852413808e-05,
Random Forest,MAR2025_CIR_HSS_INTERVAL,d_opdi_dt,6.574653023813446e-05,6.574653023813446e-05,
Random Forest,MAR2025_CIR_HSS_INTERVAL,opdi_rolling_mean,0.007914129214470813,0.007914129214470813,
Random Forest,MAR2025_CIR_HSS_INTERVAL,opdi_rolling_median,0.00723180391932025,0.00723180391932025,
Random Forest,MAR2025_CIR_HSS_INTERVAL,opdi_rolling_variance,0.0038484479649741814,0.0038484479649741814,
Random Forest,MAR2025_CIR_HSS_INTERVAL,opdi_anomaly,0.0002238191003870548,0.0002238191003870548,
Random Forest,MAR2025_CIR_HSS_INTERVAL,opdi_persistence,0.00010694980025969504,0.00010694980025969504,
Random Forest,MAR2025_CIR_HSS_INTERVAL,th1_th2_cosine_similarity,0.007378995235451421,0.007378995235451421,
Random Forest,MAR2025_CIR_HSS_INTERVAL,th1_th2_spectral_angle_rad,0.0056003824649728294,0.0056003824649728294,
Random Forest,MAR2025_CIR_HSS_INTERVAL,crossplane_centroid_delta_ev,0.005054516626206778,0.005054516626206778,
Random Forest,MAR2025_CIR_HSS_INTERVAL,crossplane_width_delta_ev,0.0030251631315186245,0.0030251631315186245,
Random Forest,MAR2025_CIR_HSS_INTERVAL,crossplane_log_peak_energy_ratio,0.003980594349339877,0.003980594349339877,
Logistic Regression,OCT2024_ICME_INTERVAL,proton_density,8.045471396673689,0.1180397306247868,-8.045471396673689
Logistic Regression,OCT2024_ICME_INTERVAL,proton_bulk_speed,0.2833288260021584,0.0041568798956092175,-0.2833288260021584
Logistic Regression,OCT2024_ICME_INTERVAL,proton_thermal,1.0048145259984689,0.014742210882232367,1.0048145259984689
Logistic Regression,OCT2024_ICME_INTERVAL,alpha_proton_ratio,0.2898694168094532,0.004252840658994597,0.2898694168094532
Logistic Regression,OCT2024_ICME_INTERVAL,bmag_gse,2.711784074960138,0.0397861412885294,2.711784074960138
Logistic Regression,OCT2024_ICME_INTERVAL,Bx_gse,1.6936170751304163,0.02484802859563778,-1.6936170751304163
Logistic Regression,OCT2024_ICME_INTERVAL,By_gse,0.9052664992067716,0.013281684620019918,0.9052664992067716
Logistic Regression,OCT2024_ICME_INTERVAL,Bz_gse,0.6529497064590681,0.009579800071606422,-0.6529497064590681
Logistic Regression,OCT2024_ICME_INTERVAL,d_proton_bulk_speed_dt,0.03729696437612073,0.0005472051805317131,-0.03729696437612073
Logistic Regression,OCT2024_ICME_INTERVAL,d_proton_density_dt,0.05840968024913443,0.0008569619581691981,-0.05840968024913443
Logistic Regression,OCT2024_ICME_INTERVAL,d_bmag_gse_dt,0.023980897349401013,0.00035183751500680004,0.023980897349401013
Logistic Regression,OCT2024_ICME_INTERVAL,proton_density_rolling_mean_5m,0.6523568890919121,0.009571102507613127,-0.6523568890919121
Logistic Regression,OCT2024_ICME_INTERVAL,proton_density_rolling_median_5m,0.1676368396904607,0.002459496333307903,0.1676368396904607
Logistic Regression,OCT2024_ICME_INTERVAL,proton_density_rolling_variance_5m,0.15862110928293466,0.0023272213756056035,0.15862110928293466
Logistic Regression,OCT2024_ICME_INTERVAL,proton_density_rolling_mean_15m,0.011301968784218696,0.00016581767370032354,0.011301968784218696
Logistic Regression,OCT2024_ICME_INTERVAL,proton_density_rolling_median_15m,0.37922739852256376,0.005563862918666175,-0.37922739852256376
Logistic Regression,OCT2024_ICME_INTERVAL,proton_density_rolling_variance_15m,0.47593881789894354,0.006982771684689306,0.47593881789894354
Logistic Regression,OCT2024_ICME_INTERVAL,proton_density_rolling_mean_60m,2.227254632552757,0.03267733161888201,2.227254632552757
Logistic Regression,OCT2024_ICME_INTERVAL,proton_density_rolling_median_60m,2.154510573977435,0.03161006176539216,-2.154510573977435
Logistic Regression,OCT2024_ICME_INTERVAL,proton_density_rolling_variance_60m,0.47662862511099585,0.0069928922423893,0.47662862511099585
Logistic Regression,OCT2024_ICME_INTERVAL,proton_bulk_speed_rolling_mean_5m,0.09750771961212967,0.0014305917440228077,-0.09750771961212967
Logistic Regression,OCT2024_ICME_INTERVAL,proton_bulk_speed_rolling_median_5m,0.10229513404751919,0.001500830650170213,-0.10229513404751919
Logistic Regression,OCT2024_ICME_INTERVAL,proton_bulk_speed_rolling_variance_5m,0.1374437565917974,0.0020165162740945286,-0.1374437565917974
Logistic Regression,OCT2024_ICME_INTERVAL,proton_bulk_speed_rolling_mean_15m,0.004090055751538466,6.0007556468545054e-05,0.004090055751538466
Logistic Regression,OCT2024_ICME_INTERVAL,proton_bulk_speed_rolling_median_15m,1.3009389596594403,0.019086822485128642,-1.3009389596594403
Logistic Regression,OCT2024_ICME_INTERVAL,proton_bulk_speed_rolling_variance_15m,0.2894364699305426,0.004246488646733068,-0.2894364699305426
Logistic Regression,OCT2024_ICME_INTERVAL,proton_bulk_speed_rolling_mean_60m,1.100996580272943,0.01615335302888041,-1.100996580272943
Logistic Regression,OCT2024_ICME_INTERVAL,proton_bulk_speed_rolling_median_60m,0.9679785250624401,0.014201768761018575,-0.9679785250624401
Logistic Regression,OCT2024_ICME_INTERVAL,proton_bulk_speed_rolling_variance_60m,0.9168616203803343,0.013451803300754394,-0.9168616203803343
Logistic Regression,OCT2024_ICME_INTERVAL,proton_thermal_rolling_mean_5m,0.5233889128116255,0.007678939273319254,0.5233889128116255
Logistic Regression,OCT2024_ICME_INTERVAL,proton_thermal_rolling_median_5m,0.16875168386340988,0.002475852852320318,-0.16875168386340988
Logistic Regression,OCT2024_ICME_INTERVAL,proton_thermal_rolling_variance_5m,0.35557207405401386,0.005216802070340496,0.35557207405401386
Logistic Regression,OCT2024_ICME_INTERVAL,proton_thermal_rolling_mean_15m,0.8891251243943501,0.013044865241660101,0.8891251243943501
Logistic Regression,OCT2024_ICME_INTERVAL,proton_thermal_rolling_median_15m,0.6461256236110652,0.009479680033708762,-0.6461256236110652
Logistic Regression,OCT2024_ICME_INTERVAL,proton_thermal_rolling_variance_15m,0.21346978618874868,0.003131937808972701,0.21346978618874868
Logistic Regression,OCT2024_ICME_INTERVAL,proton_thermal_rolling_mean_60m,0.7273675474437309,0.010671626947920912,0.7273675474437309
Logistic Regression,OCT2024_ICME_INTERVAL,proton_thermal_rolling_median_60m,1.1931647164789054,0.01750560467872637,-1.1931647164789054
Logistic Regression,OCT2024_ICME_INTERVAL,proton_thermal_rolling_variance_60m,0.3085873512398124,0.004527462222987167,0.3085873512398124
Logistic Regression,OCT2024_ICME_INTERVAL,alpha_proton_ratio_rolling_mean_5m,0.3984391380553898,0.005845729380863272,0.3984391380553898
Logistic Regression,OCT2024_ICME_INTERVAL,alpha_proton_ratio_rolling_median_5m,0.2610718875946651,0.0038303355721480505,-0.2610718875946651
Logistic Regression,OCT2024_ICME_INTERVAL,alpha_proton_ratio_rolling_variance_5m,0.2319104956465068,0.0034024920462077837,-0.2319104956465068
Logistic Regression,OCT2024_ICME_INTERVAL,alpha_proton_ratio_rolling_mean_15m,0.04854428632303829,0.0007122210991034075,0.04854428632303829
Logistic Regression,OCT2024_ICME_INTERVAL,alpha_proton_ratio_rolling_median_15m,0.27318594046165007,0.00400806779773082,0.27318594046165007
Logistic Regression,OCT2024_ICME_INTERVAL,alpha_proton_ratio_rolling_variance_15m,0.02639766819862568,0.0003872953478619713,-0.02639766819862568
Logistic Regression,OCT2024_ICME_INTERVAL,alpha_proton_ratio_rolling_mean_60m,0.05751219568154976,0.000843794446736444,-0.05751219568154976
Logistic Regression,OCT2024_ICME_INTERVAL,alpha_proton_ratio_rolling_median_60m,0.6300346101116352,0.009243599535089651,-0.6300346101116352
Logistic Regression,OCT2024_ICME_INTERVAL,alpha_proton_ratio_rolling_variance_60m,0.6725928275351251,0.009867995580126463,0.6725928275351251
Logistic Regression,OCT2024_ICME_INTERVAL,bmag_gse_rolling_mean_5m,0.26505699785183007,0.003888803413008228,-0.26505699785183007
Logistic Regression,OCT2024_ICME_INTERVAL,bmag_gse_rolling_median_5m,0.47002379920104065,0.006895989048928559,0.47002379920104065
Logistic Regression,OCT2024_ICME_INTERVAL,bmag_gse_rolling_variance_5m,0.0004780364504367318,7.013547256126012e-06,0.0004780364504367318
Logistic Regression,OCT2024_ICME_INTERVAL,bmag_gse_rolling_mean_15m,1.2878180975425757,0.018894318782924198,-1.2878180975425757
Logistic Regression,OCT2024_ICME_INTERVAL,bmag_gse_rolling_median_15m,1.1025908862107512,0.016176744006755266,-1.1025908862107512
Logistic Regression,OCT2024_ICME_INTERVAL,bmag_gse_rolling_variance_15m,0.7779850199105602,0.011414264951377408,-0.7779850199105602
Logistic Regression,OCT2024_ICME_INTERVAL,bmag_gse_rolling_mean_60m,2.469449398128457,0.03623071009451846,2.469449398128457
Logistic Regression,OCT2024_ICME_INTERVAL,bmag_gse_rolling_median_60m,2.003930419798544,0.02940081385928888,2.003930419798544
Logistic Regression,OCT2024_ICME_INTERVAL,bmag_gse_rolling_variance_60m,0.05546727197409169,0.0008137921968152786,0.05546727197409169
Logistic Regression,OCT2024_ICME_INTERVAL,density_compression_ratio,0.4373569288016866,0.0064167146357613225,-0.4373569288016866
Logistic Regression,OCT2024_ICME_INTERVAL,bmag_compression_ratio,0.50395268182169,0.0073937791680503875,-0.50395268182169
Logistic Regression,OCT2024_ICME_INTERVAL,speed_compression_ratio,0.6234897586109178,0.00914757626062455,-0.6234897586109178
Logistic Regression,OCT2024_ICME_INTERVAL,dynamic_pressure_proxy,9.385071292627705,0.13769376990566473,9.385071292627705
Logistic Regression,OCT2024_ICME_INTERVAL,dynamic_pressure_compression_ratio,0.14619371183275562,0.0021448918917182105,0.14619371183275562
Logistic Regression,OCT2024_ICME_INTERVAL,joint_compression_index,0.29846538809514667,0.004378957089591958,0.29846538809514667
Logistic Regression,OCT2024_ICME_INTERVAL,js_opdi,2.2250627818908613,0.032645173719245836,-2.2250627818908613
Logistic Regression,OCT2024_ICME_INTERVAL,hellinger_opdi,0.5695200395866633,0.008355755523041384,0.5695200395866633
Logistic Regression,OCT2024_ICME_INTERVAL,wasserstein_opdi,1.8253036838325858,0.026780078447250253,-1.8253036838325858
Logistic Regression,OCT2024_ICME_INTERVAL,d_js_opdi_dt,0.22168373270206662,0.003252449334773329,0.22168373270206662
Logistic Regression,OCT2024_ICME_INTERVAL,d_hellinger_opdi_dt,0.37832122192779355,0.005550567881511561,-0.37832122192779355
Logistic Regression,OCT2024_ICME_INTERVAL,d_wasserstein_opdi_dt,0.050506078234237334,0.000741003674706816,-0.050506078234237334
Logistic Regression,OCT2024_ICME_INTERVAL,d_opdi_dt,0.22168373270206662,0.003252449334773329,0.22168373270206662
Logistic Regression,OCT2024_ICME_INTERVAL,opdi_rolling_mean,0.9162757267103826,0.01344320731829842,0.9162757267103826
Logistic Regression,OCT2024_ICME_INTERVAL,opdi_rolling_median,0.2087271826169242,0.00306235634873536,-0.2087271826169242
Logistic Regression,OCT2024_ICME_INTERVAL,opdi_rolling_variance,0.9554697605672926,0.01401824549449294,0.9554697605672926
Logistic Regression,OCT2024_ICME_INTERVAL,opdi_anomaly,0.23420383032431483,0.0034361388761142155,-0.23420383032431483
Logistic Regression,OCT2024_ICME_INTERVAL,opdi_persistence,0.04007577729172395,0.0005879747404297317,0.04007577729172395
Logistic Regression,OCT2024_ICME_INTERVAL,th1_th2_cosine_similarity,1.1368271726370751,0.016679044223623495,-1.1368271726370751
Logistic Regression,OCT2024_ICME_INTERVAL,th1_th2_spectral_angle_rad,0.7453542653061745,0.010935520413776085,0.7453542653061745
Logistic Regression,OCT2024_ICME_INTERVAL,crossplane_centroid_delta_ev,1.1407377427340541,0.01673641844299212,-1.1407377427340541
Logistic Regression,OCT2024_ICME_INTERVAL,crossplane_width_delta_ev,2.358674754369455,0.03460547168837916,-2.358674754369455
Logistic Regression,OCT2024_ICME_INTERVAL,crossplane_log_peak_energy_ratio,0.1501980537364108,0.0022036418911069874,-0.1501980537364108
Random Forest,OCT2024_ICME_INTERVAL,proton_density,0.0026571758621609836,0.0026571758621609836,
Random Forest,OCT2024_ICME_INTERVAL,proton_bulk_speed,0.004874013498349153,0.004874013498349153,
Random Forest,OCT2024_ICME_INTERVAL,proton_thermal,0.007313457770553411,0.007313457770553411,
Random Forest,OCT2024_ICME_INTERVAL,alpha_proton_ratio,0.002448834934253595,0.002448834934253595,
Random Forest,OCT2024_ICME_INTERVAL,bmag_gse,0.05710231437333606,0.05710231437333606,
Random Forest,OCT2024_ICME_INTERVAL,Bx_gse,0.022739349676318518,0.022739349676318518,
Random Forest,OCT2024_ICME_INTERVAL,By_gse,0.012570761916782532,0.012570761916782532,
Random Forest,OCT2024_ICME_INTERVAL,Bz_gse,0.004804471179077946,0.004804471179077946,
Random Forest,OCT2024_ICME_INTERVAL,d_proton_bulk_speed_dt,5.035148219408883e-05,5.035148219408883e-05,
Random Forest,OCT2024_ICME_INTERVAL,d_proton_density_dt,7.482390210248443e-05,7.482390210248443e-05,
Random Forest,OCT2024_ICME_INTERVAL,d_bmag_gse_dt,7.72213213539912e-05,7.72213213539912e-05,
Random Forest,OCT2024_ICME_INTERVAL,proton_density_rolling_mean_5m,0.003318118684169859,0.003318118684169859,
Random Forest,OCT2024_ICME_INTERVAL,proton_density_rolling_median_5m,0.003754322059774208,0.003754322059774208,
Random Forest,OCT2024_ICME_INTERVAL,proton_density_rolling_variance_5m,0.0003214873712574487,0.0003214873712574487,
Random Forest,OCT2024_ICME_INTERVAL,proton_density_rolling_mean_15m,0.004325502193460097,0.004325502193460097,
Random Forest,OCT2024_ICME_INTERVAL,proton_density_rolling_median_15m,0.0034056205673342194,0.0034056205673342194,
Random Forest,OCT2024_ICME_INTERVAL,proton_density_rolling_variance_15m,0.010539635462263412,0.010539635462263412,
Random Forest,OCT2024_ICME_INTERVAL,proton_density_rolling_mean_60m,0.00842411249183751,0.00842411249183751,
Random Forest,OCT2024_ICME_INTERVAL,proton_density_rolling_median_60m,0.007133741741691224,0.007133741741691224,
Random Forest,OCT2024_ICME_INTERVAL,proton_density_rolling_variance_60m,0.027997990997389297,0.027997990997389297,
Random Forest,OCT2024_ICME_INTERVAL,proton_bulk_speed_rolling_mean_5m,0.01262860339792945,0.01262860339792945,
Random Forest,OCT2024_ICME_INTERVAL,proton_bulk_speed_rolling_median_5m,0.00760274633457565,0.00760274633457565,
Random Forest,OCT2024_ICME_INTERVAL,proton_bulk_speed_rolling_variance_5m,0.00024104427696670404,0.00024104427696670404,
Random Forest,OCT2024_ICME_INTERVAL,proton_bulk_speed_rolling_mean_15m,0.009286130139033667,0.009286130139033667,
Random Forest,OCT2024_ICME_INTERVAL,proton_bulk_speed_rolling_median_15m,0.013821874585491991,0.013821874585491991,
Random Forest,OCT2024_ICME_INTERVAL,proton_bulk_speed_rolling_variance_15m,0.0011752231416846297,0.0011752231416846297,
Random Forest,OCT2024_ICME_INTERVAL,proton_bulk_speed_rolling_mean_60m,0.017567376411103598,0.017567376411103598,
Random Forest,OCT2024_ICME_INTERVAL,proton_bulk_speed_rolling_median_60m,0.017722569088424903,0.017722569088424903,
Random Forest,OCT2024_ICME_INTERVAL,proton_bulk_speed_rolling_variance_60m,0.003524434343426916,0.003524434343426916,
Random Forest,OCT2024_ICME_INTERVAL,proton_thermal_rolling_mean_5m,0.007862652368769462,0.007862652368769462,
Random Forest,OCT2024_ICME_INTERVAL,proton_thermal_rolling_median_5m,0.008189785902409862,0.008189785902409862,
Random Forest,OCT2024_ICME_INTERVAL,proton_thermal_rolling_variance_5m,0.00038693415171463344,0.00038693415171463344,
Random Forest,OCT2024_ICME_INTERVAL,proton_thermal_rolling_mean_15m,0.017909794220235063,0.017909794220235063,
Random Forest,OCT2024_ICME_INTERVAL,proton_thermal_rolling_median_15m,0.012175374967228352,0.012175374967228352,
Random Forest,OCT2024_ICME_INTERVAL,proton_thermal_rolling_variance_15m,0.001598024641691022,0.001598024641691022,
Random Forest,OCT2024_ICME_INTERVAL,proton_thermal_rolling_mean_60m,0.03820091373534104,0.03820091373534104,
Random Forest,OCT2024_ICME_INTERVAL,proton_thermal_rolling_median_60m,0.028218777962072488,0.028218777962072488,
Random Forest,OCT2024_ICME_INTERVAL,proton_thermal_rolling_variance_60m,0.006355057702927186,0.006355057702927186,
Random Forest,OCT2024_ICME_INTERVAL,alpha_proton_ratio_rolling_mean_5m,0.0022904972350204,0.0022904972350204,
Random Forest,OCT2024_ICME_INTERVAL,alpha_proton_ratio_rolling_median_5m,0.0012133488426222302,0.0012133488426222302,
Random Forest,OCT2024_ICME_INTERVAL,alpha_proton_ratio_rolling_variance_5m,0.0004996432220678236,0.0004996432220678236,
Random Forest,OCT2024_ICME_INTERVAL,alpha_proton_ratio_rolling_mean_15m,0.008302892209461787,0.008302892209461787,
Random Forest,OCT2024_ICME_INTERVAL,alpha_proton_ratio_rolling_median_15m,0.01084512307230247,0.01084512307230247,
Random Forest,OCT2024_ICME_INTERVAL,alpha_proton_ratio_rolling_variance_15m,0.002255675673064872,0.002255675673064872,
Random Forest,OCT2024_ICME_INTERVAL,alpha_proton_ratio_rolling_mean_60m,0.0334335402725842,0.0334335402725842,
Random Forest,OCT2024_ICME_INTERVAL,alpha_proton_ratio_rolling_median_60m,0.01594234166656906,0.01594234166656906,
Random Forest,OCT2024_ICME_INTERVAL,alpha_proton_ratio_rolling_variance_60m,0.014507589241405515,0.014507589241405515,
Random Forest,OCT2024_ICME_INTERVAL,bmag_gse_rolling_mean_5m,0.05431966686907683,0.05431966686907683,
Random Forest,OCT2024_ICME_INTERVAL,bmag_gse_rolling_median_5m,0.04763135506584861,0.04763135506584861,
Random Forest,OCT2024_ICME_INTERVAL,bmag_gse_rolling_variance_5m,0.0008855786459956037,0.0008855786459956037,
Random Forest,OCT2024_ICME_INTERVAL,bmag_gse_rolling_mean_15m,0.06512155210344639,0.06512155210344639,
Random Forest,OCT2024_ICME_INTERVAL,bmag_gse_rolling_median_15m,0.05237387094775431,0.05237387094775431,
Random Forest,OCT2024_ICME_INTERVAL,bmag_gse_rolling_variance_15m,0.0015432846692430865,0.0015432846692430865,
Random Forest,OCT2024_ICME_INTERVAL,bmag_gse_rolling_mean_60m,0.09175485109194258,0.09175485109194258,
Random Forest,OCT2024_ICME_INTERVAL,bmag_gse_rolling_median_60m,0.10700914713309871,0.10700914713309871,
Random Forest,OCT2024_ICME_INTERVAL,bmag_gse_rolling_variance_60m,0.004381153610279882,0.004381153610279882,
Random Forest,OCT2024_ICME_INTERVAL,density_compression_ratio,0.0003068485996720606,0.0003068485996720606,
Random Forest,OCT2024_ICME_INTERVAL,bmag_compression_ratio,0.0004015689037958913,0.0004015689037958913,
Random Forest,OCT2024_ICME_INTERVAL,speed_compression_ratio,0.00011619779198731128,0.00011619779198731128,
Random Forest,OCT2024_ICME_INTERVAL,dynamic_pressure_proxy,0.008441877032505934,0.008441877032505934,
Random Forest,OCT2024_ICME_INTERVAL,dynamic_pressure_compression_ratio,0.00032554058725301415,0.00032554058725301415,
Random Forest,OCT2024_ICME_INTERVAL,joint_compression_index,0.00020164113925878285,0.00020164113925878285,
Random Forest,OCT2024_ICME_INTERVAL,js_opdi,0.0036756984338259667,0.0036756984338259667,
Random Forest,OCT2024_ICME_INTERVAL,hellinger_opdi,0.004799242789675643,0.004799242789675643,
Random Forest,OCT2024_ICME_INTERVAL,wasserstein_opdi,0.0034734820369569184,0.0034734820369569184,
Random Forest,OCT2024_ICME_INTERVAL,d_js_opdi_dt,0.00011422325359793118,0.00011422325359793118,
Random Forest,OCT2024_ICME_INTERVAL,d_hellinger_opdi_dt,0.00010329309675174052,0.00010329309675174052,
Random Forest,OCT2024_ICME_INTERVAL,d_wasserstein_opdi_dt,8.393052888164644e-05,8.393052888164644e-05,
Random Forest,OCT2024_ICME_INTERVAL,d_opdi_dt,0.00014817018269879778,0.00014817018269879778,
Random Forest,OCT2024_ICME_INTERVAL,opdi_rolling_mean,0.01416183577510602,0.01416183577510602,
Random Forest,OCT2024_ICME_INTERVAL,opdi_rolling_median,0.016391085311932743,0.016391085311932743,
Random Forest,OCT2024_ICME_INTERVAL,opdi_rolling_variance,0.003670370656234934,0.003670370656234934,
Random Forest,OCT2024_ICME_INTERVAL,opdi_anomaly,0.00019440263234079522,0.00019440263234079522,
Random Forest,OCT2024_ICME_INTERVAL,opdi_persistence,4.876082148884827e-05,4.876082148884827e-05,
Random Forest,OCT2024_ICME_INTERVAL,th1_th2_cosine_similarity,0.010030471094788926,0.010030471094788926,
Random Forest,OCT2024_ICME_INTERVAL,th1_th2_spectral_angle_rad,0.0077652403983778295,0.0077652403983778295,
Random Forest,OCT2024_ICME_INTERVAL,crossplane_centroid_delta_ev,0.009745923003342528,0.009745923003342528,
Random Forest,OCT2024_ICME_INTERVAL,crossplane_width_delta_ev,0.010215704643928876,0.010215704643928876,
Random Forest,OCT2024_ICME_INTERVAL,crossplane_log_peak_energy_ratio,0.0028727548571258576,0.0028727548571258576,
Logistic Regression,SEP2024_QUIET_INTERVAL,proton_density,7.021914708636366,0.10543783127900981,-7.021914708636366
Logistic Regression,SEP2024_QUIET_INTERVAL,proton_bulk_speed,0.6045593055178785,0.009077783581585,0.6045593055178785
Logistic Regression,SEP2024_QUIET_INTERVAL,proton_thermal,0.04250551813718931,0.0006382432478514379,0.04250551813718931
Logistic Regression,SEP2024_QUIET_INTERVAL,alpha_proton_ratio,0.033575924815669615,0.0005041605947445041,0.033575924815669615
Logistic Regression,SEP2024_QUIET_INTERVAL,bmag_gse,1.94902733813763,0.029265695207602534,1.94902733813763
Logistic Regression,SEP2024_QUIET_INTERVAL,Bx_gse,1.6462977173159026,0.02472004690399924,-1.6462977173159026
Logistic Regression,SEP2024_QUIET_INTERVAL,By_gse,2.3378479101858773,0.03510404551154585,2.3378479101858773
Logistic Regression,SEP2024_QUIET_INTERVAL,Bz_gse,0.28023285400455433,0.0042078472333232815,0.28023285400455433
Logistic Regression,SEP2024_QUIET_INTERVAL,d_proton_bulk_speed_dt,0.05392982978908516,0.0008097854403178202,-0.05392982978908516
Logistic Regression,SEP2024_QUIET_INTERVAL,d_proton_density_dt,0.04543869791207262,0.0006822865219508479,-0.04543869791207262
Logistic Regression,SEP2024_QUIET_INTERVAL,d_bmag_gse_dt,0.06425270050867707,0.0009647889039612473,-0.06425270050867707
Logistic Regression,SEP2024_QUIET_INTERVAL,proton_density_rolling_mean_5m,0.463666488655469,0.006962202053018122,-0.463666488655469
Logistic Regression,SEP2024_QUIET_INTERVAL,proton_density_rolling_median_5m,0.4719980311479884,0.0070873046508237785,0.4719980311479884
Logistic Regression,SEP2024_QUIET_INTERVAL,proton_density_rolling_variance_5m,0.372190144244909,0.005588635473504048,0.372190144244909
Logistic Regression,SEP2024_QUIET_INTERVAL,proton_density_rolling_mean_15m,0.1316739995193512,0.0019771560210035486,-0.1316739995193512
Logistic Regression,SEP2024_QUIET_INTERVAL,proton_density_rolling_median_15m,0.26389082738604464,0.003962462902004036,-0.26389082738604464
Logistic Regression,SEP2024_QUIET_INTERVAL,proton_density_rolling_variance_15m,0.6399911261514408,0.009609811451600978,0.6399911261514408
Logistic Regression,SEP2024_QUIET_INTERVAL,proton_density_rolling_mean_60m,0.10275529502680637,0.0015429260977402662,-0.10275529502680637
Logistic Regression,SEP2024_QUIET_INTERVAL,proton_density_rolling_median_60m,1.2183329976647073,0.01829392614117466,-1.2183329976647073
Logistic Regression,SEP2024_QUIET_INTERVAL,proton_density_rolling_variance_60m,0.8931776569431392,0.013411543575020217,0.8931776569431392
Logistic Regression,SEP2024_QUIET_INTERVAL,proton_bulk_speed_rolling_mean_5m,0.3484167490726539,0.00523166514089398,-0.3484167490726539
Logistic Regression,SEP2024_QUIET_INTERVAL,proton_bulk_speed_rolling_median_5m,0.23607816877003274,0.0035448408532814807,-0.23607816877003274
Logistic Regression,SEP2024_QUIET_INTERVAL,proton_bulk_speed_rolling_variance_5m,0.0826004229589437,0.0012402898384408396,-0.0826004229589437
Logistic Regression,SEP2024_QUIET_INTERVAL,proton_bulk_speed_rolling_mean_15m,0.43404453321194525,0.006517412437962383,0.43404453321194525
Logistic Regression,SEP2024_QUIET_INTERVAL,proton_bulk_speed_rolling_median_15m,0.3204670589383176,0.00481198549012006,-0.3204670589383176
Logistic Regression,SEP2024_QUIET_INTERVAL,proton_bulk_speed_rolling_variance_15m,0.5909813011789287,0.008873902533466448,-0.5909813011789287
Logistic Regression,SEP2024_QUIET_INTERVAL,proton_bulk_speed_rolling_mean_60m,0.1289068430237229,0.0019356056758605314,0.1289068430237229
Logistic Regression,SEP2024_QUIET_INTERVAL,proton_bulk_speed_rolling_median_60m,1.3410652140631871,0.02013681647266871,-1.3410652140631871
Logistic Regression,SEP2024_QUIET_INTERVAL,proton_bulk_speed_rolling_variance_60m,2.241223322854763,0.033653175291790585,-2.241223322854763
Logistic Regression,SEP2024_QUIET_INTERVAL,proton_thermal_rolling_mean_5m,1.0268756950176918,0.015419091625055828,1.0268756950176918
Logistic Regression,SEP2024_QUIET_INTERVAL,proton_thermal_rolling_median_5m,0.5489846737435777,0.008243300553586252,-0.5489846737435777
Logistic Regression,SEP2024_QUIET_INTERVAL,proton_thermal_rolling_variance_5m,0.23806596615269626,0.0035746887015887744,0.23806596615269626
Logistic Regression,SEP2024_QUIET_INTERVAL,proton_thermal_rolling_mean_15m,0.3954280468569659,0.005937565096912125,0.3954280468569659
Logistic Regression,SEP2024_QUIET_INTERVAL,proton_thermal_rolling_median_15m,0.5960947584173147,0.008950683847954685,-0.5960947584173147
Logistic Regression,SEP2024_QUIET_INTERVAL,proton_thermal_rolling_variance_15m,0.6419068198411386,0.009638576624124108,0.6419068198411386
Logistic Regression,SEP2024_QUIET_INTERVAL,proton_thermal_rolling_mean_60m,0.6506949743642061,0.009770535497494844,0.6506949743642061
Logistic Regression,SEP2024_QUIET_INTERVAL,proton_thermal_rolling_median_60m,2.654896542425273,0.03986470148365321,-2.654896542425273
Logistic Regression,SEP2024_QUIET_INTERVAL,proton_thermal_rolling_variance_60m,0.5267862939310562,0.007909979924889161,0.5267862939310562
Logistic Regression,SEP2024_QUIET_INTERVAL,alpha_proton_ratio_rolling_mean_5m,0.4775112798278073,0.007170089049128562,0.4775112798278073
Logistic Regression,SEP2024_QUIET_INTERVAL,alpha_proton_ratio_rolling_median_5m,0.46022199218241056,0.006910481083305858,-0.46022199218241056
Logistic Regression,SEP2024_QUIET_INTERVAL,alpha_proton_ratio_rolling_variance_5m,0.13302555689604117,0.0019974503829490262,-0.13302555689604117
Logistic Regression,SEP2024_QUIET_INTERVAL,alpha_proton_ratio_rolling_mean_15m,0.04313609665599343,0.0006477117239341883,-0.04313609665599343
Logistic Regression,SEP2024_QUIET_INTERVAL,alpha_proton_ratio_rolling_median_15m,0.21671355887170693,0.003254070806084478,0.21671355887170693
Logistic Regression,SEP2024_QUIET_INTERVAL,alpha_proton_ratio_rolling_variance_15m,0.06339497403473196,0.0009519096789925739,-0.06339497403473196
Logistic Regression,SEP2024_QUIET_INTERVAL,alpha_proton_ratio_rolling_mean_60m,0.1555131905907673,0.002335114314476494,-0.1555131905907673
Logistic Regression,SEP2024_QUIET_INTERVAL,alpha_proton_ratio_rolling_median_60m,0.7049584430781819,0.010585330705964286,-0.7049584430781819
Logistic Regression,SEP2024_QUIET_INTERVAL,alpha_proton_ratio_rolling_variance_60m,0.7423285239099858,0.011146462596783261,0.7423285239099858
Logistic Regression,SEP2024_QUIET_INTERVAL,bmag_gse_rolling_mean_5m,0.6663861063755637,0.010006146295722764,0.6663861063755637
Logistic Regression,SEP2024_QUIET_INTERVAL,bmag_gse_rolling_median_5m,0.8873814519503455,0.013324510435278845,0.8873814519503455
Logistic Regression,SEP2024_QUIET_INTERVAL,bmag_gse_rolling_variance_5m,0.06959794432127103,0.0010450506186990072,-0.06959794432127103
Logistic Regression,SEP2024_QUIET_INTERVAL,bmag_gse_rolling_mean_15m,0.7053993894997534,0.01059195175397325,-0.7053993894997534
Logistic Regression,SEP2024_QUIET_INTERVAL,bmag_gse_rolling_median_15m,0.491249838382367,0.007376380905267295,-0.491249838382367
Logistic Regression,SEP2024_QUIET_INTERVAL,bmag_gse_rolling_variance_15m,0.4483326675196698,0.006731956470030561,-0.4483326675196698
Logistic Regression,SEP2024_QUIET_INTERVAL,bmag_gse_rolling_mean_60m,2.074435401823883,0.031148764827305487,2.074435401823883
Logistic Regression,SEP2024_QUIET_INTERVAL,bmag_gse_rolling_median_60m,2.998864203555895,0.045029561172865974,2.998864203555895
Logistic Regression,SEP2024_QUIET_INTERVAL,bmag_gse_rolling_variance_60m,1.1807736782901455,0.0177299527317143,-1.1807736782901455
Logistic Regression,SEP2024_QUIET_INTERVAL,density_compression_ratio,0.2774255311511488,0.004165693768685064,-0.2774255311511488
Logistic Regression,SEP2024_QUIET_INTERVAL,bmag_compression_ratio,0.054028643769709735,0.0008112691854570608,-0.054028643769709735
Logistic Regression,SEP2024_QUIET_INTERVAL,speed_compression_ratio,0.3404723556944045,0.005112375795553496,-0.3404723556944045
Logistic Regression,SEP2024_QUIET_INTERVAL,dynamic_pressure_proxy,11.146209952847533,0.16736634567254444,11.146209952847533
Logistic Regression,SEP2024_QUIET_INTERVAL,dynamic_pressure_compression_ratio,0.16088265255475478,0.0024157396778010675,0.16088265255475478
Logistic Regression,SEP2024_QUIET_INTERVAL,joint_compression_index,0.09082240471139706,0.0013637473227261516,0.09082240471139706
Logistic Regression,SEP2024_QUIET_INTERVAL,js_opdi,2.879042215701163,0.04323036949037454,-2.879042215701163
Logistic Regression,SEP2024_QUIET_INTERVAL,hellinger_opdi,1.0548424246747694,0.015839027133441014,1.0548424246747694
Logistic Regression,SEP2024_QUIET_INTERVAL,wasserstein_opdi,1.0068550834710979,0.015118471359794544,1.0068550834710979
Logistic Regression,SEP2024_QUIET_INTERVAL,d_js_opdi_dt,0.26442806906306937,0.003970529875137235,0.26442806906306937
Logistic Regression,SEP2024_QUIET_INTERVAL,d_hellinger_opdi_dt,0.3806718618019402,0.005715993030786047,-0.3806718618019402
Logistic Regression,SEP2024_QUIET_INTERVAL,d_wasserstein_opdi_dt,0.1543460444844023,0.0023175889870769018,-0.1543460444844023
Logistic Regression,SEP2024_QUIET_INTERVAL,d_opdi_dt,0.26442806906306937,0.003970529875137235,0.26442806906306937
Logistic Regression,SEP2024_QUIET_INTERVAL,opdi_rolling_mean,0.8467662299871458,0.012714651002573346,-0.8467662299871458
Logistic Regression,SEP2024_QUIET_INTERVAL,opdi_rolling_median,0.4991623815908687,0.007495192003154853,0.4991623815908687
Logistic Regression,SEP2024_QUIET_INTERVAL,opdi_rolling_variance,0.8974486572351761,0.013475674944720639,0.8974486572351761
Logistic Regression,SEP2024_QUIET_INTERVAL,opdi_anomaly,0.29608794138877703,0.004445919909779398,-0.29608794138877703
Logistic Regression,SEP2024_QUIET_INTERVAL,opdi_persistence,0.03860692905877335,0.0005797038331002669,-0.03860692905877335
Logistic Regression,SEP2024_QUIET_INTERVAL,th1_th2_cosine_similarity,0.592067014354443,0.008890205101550403,-0.592067014354443
Logistic Regression,SEP2024_QUIET_INTERVAL,th1_th2_spectral_angle_rad,0.39475000972482766,0.005927384004189456,0.39475000972482766
Logistic Regression,SEP2024_QUIET_INTERVAL,crossplane_centroid_delta_ev,0.08525062245998358,0.0012800840113183145,-0.08525062245998358
Logistic Regression,SEP2024_QUIET_INTERVAL,crossplane_width_delta_ev,0.6252671906816674,0.00938872363036675,-0.6252671906816674
Logistic Regression,SEP2024_QUIET_INTERVAL,crossplane_log_peak_energy_ratio,0.08781469561546959,0.0013185849507305612,0.08781469561546959
Random Forest,SEP2024_QUIET_INTERVAL,proton_density,0.0033453073853568598,0.003345307385356859,
Random Forest,SEP2024_QUIET_INTERVAL,proton_bulk_speed,0.010163862752758629,0.010163862752758627,
Random Forest,SEP2024_QUIET_INTERVAL,proton_thermal,0.008309422781223057,0.008309422781223055,
Random Forest,SEP2024_QUIET_INTERVAL,alpha_proton_ratio,0.001444157705340805,0.0014441577053408048,
Random Forest,SEP2024_QUIET_INTERVAL,bmag_gse,0.054666425361080254,0.05466642536108024,
Random Forest,SEP2024_QUIET_INTERVAL,Bx_gse,0.021089536607162587,0.021089536607162583,
Random Forest,SEP2024_QUIET_INTERVAL,By_gse,0.037678872366235565,0.03767887236623556,
Random Forest,SEP2024_QUIET_INTERVAL,Bz_gse,0.009967942802627678,0.009967942802627677,
Random Forest,SEP2024_QUIET_INTERVAL,d_proton_bulk_speed_dt,0.00010446955607819545,0.00010446955607819542,
Random Forest,SEP2024_QUIET_INTERVAL,d_proton_density_dt,8.873205487270568e-05,8.873205487270567e-05,
Random Forest,SEP2024_QUIET_INTERVAL,d_bmag_gse_dt,0.00012286932192966587,0.00012286932192966585,
Random Forest,SEP2024_QUIET_INTERVAL,proton_density_rolling_mean_5m,0.0038607316348043628,0.003860731634804362,
Random Forest,SEP2024_QUIET_INTERVAL,proton_density_rolling_median_5m,0.003767329628566454,0.003767329628566453,
Random Forest,SEP2024_QUIET_INTERVAL,proton_density_rolling_variance_5m,0.0007072447756481268,0.0007072447756481267,
Random Forest,SEP2024_QUIET_INTERVAL,proton_density_rolling_mean_15m,0.005382263060149796,0.005382263060149795,
Random Forest,SEP2024_QUIET_INTERVAL,proton_density_rolling_median_15m,0.005432556033397718,0.005432556033397717,
Random Forest,SEP2024_QUIET_INTERVAL,proton_density_rolling_variance_15m,0.0067486278986589885,0.006748627898658987,
Random Forest,SEP2024_QUIET_INTERVAL,proton_density_rolling_mean_60m,0.007204276975422825,0.007204276975422823,
Random Forest,SEP2024_QUIET_INTERVAL,proton_density_rolling_median_60m,0.010187874515221918,0.010187874515221917,
Random Forest,SEP2024_QUIET_INTERVAL,proton_density_rolling_variance_60m,0.014763543130743729,0.014763543130743725,
Random Forest,SEP2024_QUIET_INTERVAL,proton_bulk_speed_rolling_mean_5m,0.011067974098790309,0.011067974098790307,
Random Forest,SEP2024_QUIET_INTERVAL,proton_bulk_speed_rolling_median_5m,0.013163287297659806,0.013163287297659802,
Random Forest,SEP2024_QUIET_INTERVAL,proton_bulk_speed_rolling_variance_5m,0.0009747161461310108,0.0009747161461310105,
Random Forest,SEP2024_QUIET_INTERVAL,proton_bulk_speed_rolling_mean_15m,0.012845403668701866,0.012845403668701863,
Random Forest,SEP2024_QUIET_INTERVAL,proton_bulk_speed_rolling_median_15m,0.015444150852521396,0.015444150852521392,
Random Forest,SEP2024_QUIET_INTERVAL,proton_bulk_speed_rolling_variance_15m,0.0016731465468446775,0.001673146546844677,
Random Forest,SEP2024_QUIET_INTERVAL,proton_bulk_speed_rolling_mean_60m,0.01822923379616786,0.018229233796167855,
Random Forest,SEP2024_QUIET_INTERVAL,proton_bulk_speed_rolling_median_60m,0.019715766611988792,0.01971576661198879,
Random Forest,SEP2024_QUIET_INTERVAL,proton_bulk_speed_rolling_variance_60m,0.004847992912723789,0.004847992912723788,
Random Forest,SEP2024_QUIET_INTERVAL,proton_thermal_rolling_mean_5m,0.010090040001358014,0.010090040001358012,
Random Forest,SEP2024_QUIET_INTERVAL,proton_thermal_rolling_median_5m,0.011708846178011345,0.011708846178011344,
Random Forest,SEP2024_QUIET_INTERVAL,proton_thermal_rolling_variance_5m,0.0022066391763299665,0.002206639176329966,
Random Forest,SEP2024_QUIET_INTERVAL,proton_thermal_rolling_mean_15m,0.012903994529963716,0.012903994529963712,
Random Forest,SEP2024_QUIET_INTERVAL,proton_thermal_rolling_median_15m,0.012396021600445294,0.01239602160044529,
Random Forest,SEP2024_QUIET_INTERVAL,proton_thermal_rolling_variance_15m,0.004665225421905245,0.0046652254219052445,
Random Forest,SEP2024_QUIET_INTERVAL,proton_thermal_rolling_mean_60m,0.02385902383441329,0.02385902383441328,
Random Forest,SEP2024_QUIET_INTERVAL,proton_thermal_rolling_median_60m,0.021147885234226237,0.021147885234226234,
Random Forest,SEP2024_QUIET_INTERVAL,proton_thermal_rolling_variance_60m,0.010819075089138996,0.010819075089138994,
Random Forest,SEP2024_QUIET_INTERVAL,alpha_proton_ratio_rolling_mean_5m,0.0026912814135667457,0.0026912814135667453,
Random Forest,SEP2024_QUIET_INTERVAL,alpha_proton_ratio_rolling_median_5m,0.002251166972892046,0.0022511669728920458,
Random Forest,SEP2024_QUIET_INTERVAL,alpha_proton_ratio_rolling_variance_5m,0.0003572509267654017,0.00035725092676540165,
Random Forest,SEP2024_QUIET_INTERVAL,alpha_proton_ratio_rolling_mean_15m,0.005953372343125563,0.005953372343125561,
Random Forest,SEP2024_QUIET_INTERVAL,alpha_proton_ratio_rolling_median_15m,0.0052819265140856666,0.005281926514085666,
Random Forest,SEP2024_QUIET_INTERVAL,alpha_proton_ratio_rolling_variance_15m,0.0026267460867966286,0.002626746086796628,
Random Forest,SEP2024_QUIET_INTERVAL,alpha_proton_ratio_rolling_mean_60m,0.016582025113380503,0.0165820251133805,
Random Forest,SEP2024_QUIET_INTERVAL,alpha_proton_ratio_rolling_median_60m,0.008779306868735282,0.00877930686873528,
Random Forest,SEP2024_QUIET_INTERVAL,alpha_proton_ratio_rolling_variance_60m,0.014649651748277316,0.014649651748277313,
Random Forest,SEP2024_QUIET_INTERVAL,bmag_gse_rolling_mean_5m,0.06075803417103881,0.0607580341710388,
Random Forest,SEP2024_QUIET_INTERVAL,bmag_gse_rolling_median_5m,0.04232983199865269,0.04232983199865268,
Random Forest,SEP2024_QUIET_INTERVAL,bmag_gse_rolling_variance_5m,0.0016932442941625671,0.0016932442941625667,
Random Forest,SEP2024_QUIET_INTERVAL,bmag_gse_rolling_mean_15m,0.05819929016492955,0.058199290164929536,
Random Forest,SEP2024_QUIET_INTERVAL,bmag_gse_rolling_median_15m,0.055135179468030024,0.05513517946803001,
Random Forest,SEP2024_QUIET_INTERVAL,bmag_gse_rolling_variance_15m,0.005391613113824782,0.005391613113824781,
Random Forest,SEP2024_QUIET_INTERVAL,bmag_gse_rolling_mean_60m,0.09426954094697361,0.09426954094697358,
Random Forest,SEP2024_QUIET_INTERVAL,bmag_gse_rolling_median_60m,0.10313815569929673,0.1031381556992967,
Random Forest,SEP2024_QUIET_INTERVAL,bmag_gse_rolling_variance_60m,0.009175367594014975,0.009175367594014973,
Random Forest,SEP2024_QUIET_INTERVAL,density_compression_ratio,0.0003677238065377461,0.000367723806537746,
Random Forest,SEP2024_QUIET_INTERVAL,bmag_compression_ratio,0.0004451918380483426,0.0004451918380483425,
Random Forest,SEP2024_QUIET_INTERVAL,speed_compression_ratio,0.0003855781946450462,0.0003855781946450461,
Random Forest,SEP2024_QUIET_INTERVAL,dynamic_pressure_proxy,0.019632636285004754,0.01963263628500475,
Random Forest,SEP2024_QUIET_INTERVAL,dynamic_pressure_compression_ratio,0.00029809717180676363,0.0002980971718067636,
Random Forest,SEP2024_QUIET_INTERVAL,joint_compression_index,0.0001653132180959973,0.00016531321809599728,
Random Forest,SEP2024_QUIET_INTERVAL,js_opdi,0.0046770171609347875,0.004677017160934787,
Random Forest,SEP2024_QUIET_INTERVAL,hellinger_opdi,0.00511424873231094,0.005114248732310939,
Random Forest,SEP2024_QUIET_INTERVAL,wasserstein_opdi,0.003261857324021204,0.003261857324021203,
Random Forest,SEP2024_QUIET_INTERVAL,d_js_opdi_dt,0.0001422355131057124,0.00014223551310571237,
Random Forest,SEP2024_QUIET_INTERVAL,d_hellinger_opdi_dt,0.00010828705717923696,0.00010828705717923693,
Random Forest,SEP2024_QUIET_INTERVAL,d_wasserstein_opdi_dt,9.566713518834701e-05,9.566713518834698e-05,
Random Forest,SEP2024_QUIET_INTERVAL,d_opdi_dt,0.00019615733552839855,0.0001961573355283985,
Random Forest,SEP2024_QUIET_INTERVAL,opdi_rolling_mean,0.013942756736794043,0.01394275673679404,
Random Forest,SEP2024_QUIET_INTERVAL,opdi_rolling_median,0.016482492124679605,0.0164824921246796,
Random Forest,SEP2024_QUIET_INTERVAL,opdi_rolling_variance,0.009572991280205596,0.009572991280205594,
Random Forest,SEP2024_QUIET_INTERVAL,opdi_anomaly,0.0002698135164280958,0.00026981351642809575,
Random Forest,SEP2024_QUIET_INTERVAL,opdi_persistence,0.00011935100510813407,0.00011935100510813404,
Random Forest,SEP2024_QUIET_INTERVAL,th1_th2_cosine_similarity,0.006166060166534408,0.006166060166534406,
Random Forest,SEP2024_QUIET_INTERVAL,th1_th2_spectral_angle_rad,0.004852763787446927,0.004852763787446926,
Random Forest,SEP2024_QUIET_INTERVAL,crossplane_centroid_delta_ev,0.004667618171532188,0.004667618171532187,
Random Forest,SEP2024_QUIET_INTERVAL,crossplane_width_delta_ev,0.004947530511484714,0.004947530511484713,
Random Forest,SEP2024_QUIET_INTERVAL,crossplane_log_peak_energy_ratio,0.0020311571442287097,0.0020311571442287093,
