feature,training_available_fraction,training_unique_values,selected,reason,fold
proton_density,1.0,7293,True,SELECTED,AUG2024_DEMO_INTERVAL
proton_bulk_speed,1.0,6923,True,SELECTED,AUG2024_DEMO_INTERVAL
proton_thermal,1.0,7288,True,SELECTED,AUG2024_DEMO_INTERVAL
alpha_proton_ratio,0.5210475798711093,3800,True,SELECTED,AUG2024_DEMO_INTERVAL
bmag_gse,1.0,7293,True,SELECTED,AUG2024_DEMO_INTERVAL
Bx_gse,1.0,7293,True,SELECTED,AUG2024_DEMO_INTERVAL
By_gse,1.0,7293,True,SELECTED,AUG2024_DEMO_INTERVAL
Bz_gse,1.0,7293,True,SELECTED,AUG2024_DEMO_INTERVAL
d_proton_bulk_speed_dt,0.9928698752228164,7057,True,SELECTED,AUG2024_DEMO_INTERVAL
d_proton_density_dt,0.9928698752228164,7241,True,SELECTED,AUG2024_DEMO_INTERVAL
d_bmag_gse_dt,0.9995886466474702,7290,True,SELECTED,AUG2024_DEMO_INTERVAL
proton_density_rolling_mean_5m,0.9946524064171123,7254,True,SELECTED,AUG2024_DEMO_INTERVAL
proton_density_rolling_median_5m,0.9946524064171123,4421,True,SELECTED,AUG2024_DEMO_INTERVAL
proton_density_rolling_variance_5m,0.9946524064171123,7254,True,SELECTED,AUG2024_DEMO_INTERVAL
proton_density_rolling_mean_15m,0.9973947621006445,7274,True,SELECTED,AUG2024_DEMO_INTERVAL
proton_density_rolling_median_15m,0.9973947621006445,3675,True,SELECTED,AUG2024_DEMO_INTERVAL
proton_density_rolling_variance_15m,0.9973947621006445,7274,True,SELECTED,AUG2024_DEMO_INTERVAL
proton_density_rolling_mean_60m,0.9917729329494035,7233,True,SELECTED,AUG2024_DEMO_INTERVAL
proton_density_rolling_median_60m,0.9917729329494035,3506,True,SELECTED,AUG2024_DEMO_INTERVAL
proton_density_rolling_variance_60m,0.9917729329494035,7233,True,SELECTED,AUG2024_DEMO_INTERVAL
proton_bulk_speed_rolling_mean_5m,0.9946524064171123,7160,True,SELECTED,AUG2024_DEMO_INTERVAL
proton_bulk_speed_rolling_median_5m,0.9946524064171123,4261,True,SELECTED,AUG2024_DEMO_INTERVAL
proton_bulk_speed_rolling_variance_5m,0.9946524064171123,7144,True,SELECTED,AUG2024_DEMO_INTERVAL
proton_bulk_speed_rolling_mean_15m,0.9973947621006445,7218,True,SELECTED,AUG2024_DEMO_INTERVAL
proton_bulk_speed_rolling_median_15m,0.9973947621006445,3661,True,SELECTED,AUG2024_DEMO_INTERVAL
proton_bulk_speed_rolling_variance_15m,0.9973947621006445,7216,True,SELECTED,AUG2024_DEMO_INTERVAL
proton_bulk_speed_rolling_mean_60m,0.9917729329494035,7191,True,SELECTED,AUG2024_DEMO_INTERVAL
proton_bulk_speed_rolling_median_60m,0.9917729329494035,3780,True,SELECTED,AUG2024_DEMO_INTERVAL
proton_bulk_speed_rolling_variance_60m,0.9917729329494035,7186,True,SELECTED,AUG2024_DEMO_INTERVAL
proton_thermal_rolling_mean_5m,0.9946524064171123,7254,True,SELECTED,AUG2024_DEMO_INTERVAL
proton_thermal_rolling_median_5m,0.9946524064171123,4395,True,SELECTED,AUG2024_DEMO_INTERVAL
proton_thermal_rolling_variance_5m,0.9946524064171123,7254,True,SELECTED,AUG2024_DEMO_INTERVAL
proton_thermal_rolling_mean_15m,0.9973947621006445,7274,True,SELECTED,AUG2024_DEMO_INTERVAL
proton_thermal_rolling_median_15m,0.9973947621006445,3519,True,SELECTED,AUG2024_DEMO_INTERVAL
proton_thermal_rolling_variance_15m,0.9973947621006445,7274,True,SELECTED,AUG2024_DEMO_INTERVAL
proton_thermal_rolling_mean_60m,0.9917729329494035,7233,True,SELECTED,AUG2024_DEMO_INTERVAL
proton_thermal_rolling_median_60m,0.9917729329494035,3707,True,SELECTED,AUG2024_DEMO_INTERVAL
proton_thermal_rolling_variance_60m,0.9917729329494035,7233,True,SELECTED,AUG2024_DEMO_INTERVAL
alpha_proton_ratio_rolling_mean_5m,0.5185794597559303,3603,True,SELECTED,AUG2024_DEMO_INTERVAL
alpha_proton_ratio_rolling_median_5m,0.5185794597559303,2729,True,SELECTED,AUG2024_DEMO_INTERVAL
alpha_proton_ratio_rolling_variance_5m,0.5185794597559303,3603,True,SELECTED,AUG2024_DEMO_INTERVAL
alpha_proton_ratio_rolling_mean_15m,0.6666666666666666,4319,True,SELECTED,AUG2024_DEMO_INTERVAL
alpha_proton_ratio_rolling_median_15m,0.6666666666666666,2910,True,SELECTED,AUG2024_DEMO_INTERVAL
alpha_proton_ratio_rolling_variance_15m,0.6666666666666666,4319,True,SELECTED,AUG2024_DEMO_INTERVAL
alpha_proton_ratio_rolling_mean_60m,0.710955710955711,4377,True,SELECTED,AUG2024_DEMO_INTERVAL
alpha_proton_ratio_rolling_median_60m,0.710955710955711,2355,True,SELECTED,AUG2024_DEMO_INTERVAL
alpha_proton_ratio_rolling_variance_60m,0.710955710955711,4377,True,SELECTED,AUG2024_DEMO_INTERVAL
bmag_gse_rolling_mean_5m,0.9987659399424106,7284,True,SELECTED,AUG2024_DEMO_INTERVAL
bmag_gse_rolling_median_5m,0.9987659399424106,4584,True,SELECTED,AUG2024_DEMO_INTERVAL
bmag_gse_rolling_variance_5m,0.9987659399424106,7284,True,SELECTED,AUG2024_DEMO_INTERVAL
bmag_gse_rolling_mean_15m,0.9979432332373509,7278,True,SELECTED,AUG2024_DEMO_INTERVAL
bmag_gse_rolling_median_15m,0.9979432332373509,3911,True,SELECTED,AUG2024_DEMO_INTERVAL
bmag_gse_rolling_variance_15m,0.9979432332373509,7278,True,SELECTED,AUG2024_DEMO_INTERVAL
bmag_gse_rolling_mean_60m,0.9917729329494035,7233,True,SELECTED,AUG2024_DEMO_INTERVAL
bmag_gse_rolling_median_60m,0.9917729329494035,3929,True,SELECTED,AUG2024_DEMO_INTERVAL
bmag_gse_rolling_variance_60m,0.9917729329494035,7233,True,SELECTED,AUG2024_DEMO_INTERVAL
density_compression_ratio,0.9973947621006445,7274,True,SELECTED,AUG2024_DEMO_INTERVAL
bmag_compression_ratio,0.9979432332373509,7278,True,SELECTED,AUG2024_DEMO_INTERVAL
speed_compression_ratio,0.9973947621006445,7118,True,SELECTED,AUG2024_DEMO_INTERVAL
dynamic_pressure_proxy,1.0,7293,True,SELECTED,AUG2024_DEMO_INTERVAL
dynamic_pressure_compression_ratio,0.9973947621006445,7274,True,SELECTED,AUG2024_DEMO_INTERVAL
joint_compression_index,0.9973947621006445,6036,True,SELECTED,AUG2024_DEMO_INTERVAL
js_opdi,1.0,7293,True,SELECTED,AUG2024_DEMO_INTERVAL
hellinger_opdi,1.0,7293,True,SELECTED,AUG2024_DEMO_INTERVAL
wasserstein_opdi,1.0,7293,True,SELECTED,AUG2024_DEMO_INTERVAL
d_js_opdi_dt,0.9995886466474702,7290,True,SELECTED,AUG2024_DEMO_INTERVAL
d_hellinger_opdi_dt,0.9995886466474702,7290,True,SELECTED,AUG2024_DEMO_INTERVAL
d_wasserstein_opdi_dt,0.9995886466474702,7290,True,SELECTED,AUG2024_DEMO_INTERVAL
d_opdi_dt,0.9995886466474702,7290,True,SELECTED,AUG2024_DEMO_INTERVAL
opdi_rolling_mean,0.9979432332373509,7278,True,SELECTED,AUG2024_DEMO_INTERVAL
opdi_rolling_median,0.9979432332373509,3426,True,SELECTED,AUG2024_DEMO_INTERVAL
opdi_rolling_variance,0.9979432332373509,7278,True,SELECTED,AUG2024_DEMO_INTERVAL
opdi_anomaly,0.9938296997120527,7248,True,SELECTED,AUG2024_DEMO_INTERVAL
opdi_persistence,1.0,30,True,SELECTED,AUG2024_DEMO_INTERVAL
th1_th2_cosine_similarity,1.0,7293,True,SELECTED,AUG2024_DEMO_INTERVAL
th1_th2_spectral_angle_rad,1.0,7293,True,SELECTED,AUG2024_DEMO_INTERVAL
crossplane_centroid_delta_ev,1.0,7293,True,SELECTED,AUG2024_DEMO_INTERVAL
crossplane_width_delta_ev,1.0,7293,True,SELECTED,AUG2024_DEMO_INTERVAL
crossplane_log_peak_energy_ratio,1.0,63,True,SELECTED,AUG2024_DEMO_INTERVAL
proton_density,1.0,12309,True,SELECTED,MAR2025_CIR_HSS_INTERVAL
proton_bulk_speed,1.0,12238,True,SELECTED,MAR2025_CIR_HSS_INTERVAL
proton_thermal,1.0,12304,True,SELECTED,MAR2025_CIR_HSS_INTERVAL
alpha_proton_ratio,0.7248578391551584,8922,True,SELECTED,MAR2025_CIR_HSS_INTERVAL
bmag_gse,1.0,12310,True,SELECTED,MAR2025_CIR_HSS_INTERVAL
Bx_gse,1.0,12310,True,SELECTED,MAR2025_CIR_HSS_INTERVAL
By_gse,1.0,12310,True,SELECTED,MAR2025_CIR_HSS_INTERVAL
Bz_gse,1.0,12309,True,SELECTED,MAR2025_CIR_HSS_INTERVAL
d_proton_bulk_speed_dt,0.9954508529650691,12225,True,SELECTED,MAR2025_CIR_HSS_INTERVAL
d_proton_density_dt,0.9954508529650691,12254,True,SELECTED,MAR2025_CIR_HSS_INTERVAL
d_bmag_gse_dt,0.9993501218521528,12302,True,SELECTED,MAR2025_CIR_HSS_INTERVAL
proton_density_rolling_mean_5m,0.9968318440292445,12271,True,SELECTED,MAR2025_CIR_HSS_INTERVAL
proton_density_rolling_median_5m,0.9968318440292445,7679,True,SELECTED,MAR2025_CIR_HSS_INTERVAL
proton_density_rolling_variance_5m,0.9968318440292445,12271,True,SELECTED,MAR2025_CIR_HSS_INTERVAL
proton_density_rolling_mean_15m,0.9978066612510155,12283,True,SELECTED,MAR2025_CIR_HSS_INTERVAL
proton_density_rolling_median_15m,0.9978066612510155,6364,True,SELECTED,MAR2025_CIR_HSS_INTERVAL
proton_density_rolling_variance_15m,0.9978066612510155,12283,True,SELECTED,MAR2025_CIR_HSS_INTERVAL
proton_density_rolling_mean_60m,0.991876523151909,12210,True,SELECTED,MAR2025_CIR_HSS_INTERVAL
proton_density_rolling_median_60m,0.991876523151909,6113,True,SELECTED,MAR2025_CIR_HSS_INTERVAL
proton_density_rolling_variance_60m,0.991876523151909,12210,True,SELECTED,MAR2025_CIR_HSS_INTERVAL
proton_bulk_speed_rolling_mean_5m,0.9968318440292445,12262,True,SELECTED,MAR2025_CIR_HSS_INTERVAL
proton_bulk_speed_rolling_median_5m,0.9968318440292445,7591,True,SELECTED,MAR2025_CIR_HSS_INTERVAL
proton_bulk_speed_rolling_variance_5m,0.9968318440292445,12258,True,SELECTED,MAR2025_CIR_HSS_INTERVAL
proton_bulk_speed_rolling_mean_15m,0.9978066612510155,12275,True,SELECTED,MAR2025_CIR_HSS_INTERVAL
proton_bulk_speed_rolling_median_15m,0.9978066612510155,6416,True,SELECTED,MAR2025_CIR_HSS_INTERVAL
proton_bulk_speed_rolling_variance_15m,0.9978066612510155,12275,True,SELECTED,MAR2025_CIR_HSS_INTERVAL
proton_bulk_speed_rolling_mean_60m,0.991876523151909,12210,True,SELECTED,MAR2025_CIR_HSS_INTERVAL
proton_bulk_speed_rolling_median_60m,0.991876523151909,6489,True,SELECTED,MAR2025_CIR_HSS_INTERVAL
proton_bulk_speed_rolling_variance_60m,0.991876523151909,12210,True,SELECTED,MAR2025_CIR_HSS_INTERVAL
proton_thermal_rolling_mean_5m,0.9968318440292445,12271,True,SELECTED,MAR2025_CIR_HSS_INTERVAL
proton_thermal_rolling_median_5m,0.9968318440292445,7683,True,SELECTED,MAR2025_CIR_HSS_INTERVAL
proton_thermal_rolling_variance_5m,0.9968318440292445,12271,True,SELECTED,MAR2025_CIR_HSS_INTERVAL
proton_thermal_rolling_mean_15m,0.9978066612510155,12283,True,SELECTED,MAR2025_CIR_HSS_INTERVAL
proton_thermal_rolling_median_15m,0.9978066612510155,6370,True,SELECTED,MAR2025_CIR_HSS_INTERVAL
proton_thermal_rolling_variance_15m,0.9978066612510155,12283,True,SELECTED,MAR2025_CIR_HSS_INTERVAL
proton_thermal_rolling_mean_60m,0.991876523151909,12210,True,SELECTED,MAR2025_CIR_HSS_INTERVAL
proton_thermal_rolling_median_60m,0.991876523151909,6487,True,SELECTED,MAR2025_CIR_HSS_INTERVAL
proton_thermal_rolling_variance_60m,0.991876523151909,12210,True,SELECTED,MAR2025_CIR_HSS_INTERVAL
alpha_proton_ratio_rolling_mean_5m,0.7420796100731113,8946,True,SELECTED,MAR2025_CIR_HSS_INTERVAL
alpha_proton_ratio_rolling_median_5m,0.7420796100731113,6265,True,SELECTED,MAR2025_CIR_HSS_INTERVAL
alpha_proton_ratio_rolling_variance_5m,0.7420796100731113,8946,True,SELECTED,MAR2025_CIR_HSS_INTERVAL
alpha_proton_ratio_rolling_mean_15m,0.8455727051177904,9882,True,SELECTED,MAR2025_CIR_HSS_INTERVAL
alpha_proton_ratio_rolling_median_15m,0.8455727051177904,6041,True,SELECTED,MAR2025_CIR_HSS_INTERVAL
alpha_proton_ratio_rolling_variance_15m,0.8455727051177904,9882,True,SELECTED,MAR2025_CIR_HSS_INTERVAL
alpha_proton_ratio_rolling_mean_60m,0.8805036555645817,10213,True,SELECTED,MAR2025_CIR_HSS_INTERVAL
alpha_proton_ratio_rolling_median_60m,0.8805036555645817,5598,True,SELECTED,MAR2025_CIR_HSS_INTERVAL
alpha_proton_ratio_rolling_variance_60m,0.8805036555645817,10213,True,SELECTED,MAR2025_CIR_HSS_INTERVAL
bmag_gse_rolling_mean_5m,0.998294069861901,12289,True,SELECTED,MAR2025_CIR_HSS_INTERVAL
bmag_gse_rolling_median_5m,0.998294069861901,7948,True,SELECTED,MAR2025_CIR_HSS_INTERVAL
bmag_gse_rolling_variance_5m,0.998294069861901,12289,True,SELECTED,MAR2025_CIR_HSS_INTERVAL
bmag_gse_rolling_mean_15m,0.9971567831031681,12275,True,SELECTED,MAR2025_CIR_HSS_INTERVAL
bmag_gse_rolling_median_15m,0.9971567831031681,7079,True,SELECTED,MAR2025_CIR_HSS_INTERVAL
bmag_gse_rolling_variance_15m,0.9971567831031681,12275,True,SELECTED,MAR2025_CIR_HSS_INTERVAL
bmag_gse_rolling_mean_60m,0.991876523151909,12210,True,SELECTED,MAR2025_CIR_HSS_INTERVAL
bmag_gse_rolling_median_60m,0.991876523151909,7414,True,SELECTED,MAR2025_CIR_HSS_INTERVAL
bmag_gse_rolling_variance_60m,0.991876523151909,12210,True,SELECTED,MAR2025_CIR_HSS_INTERVAL
density_compression_ratio,0.9978066612510155,12282,True,SELECTED,MAR2025_CIR_HSS_INTERVAL
bmag_compression_ratio,0.9971567831031681,12275,True,SELECTED,MAR2025_CIR_HSS_INTERVAL
speed_compression_ratio,0.9978066612510155,12255,True,SELECTED,MAR2025_CIR_HSS_INTERVAL
dynamic_pressure_proxy,1.0,12310,True,SELECTED,MAR2025_CIR_HSS_INTERVAL
dynamic_pressure_compression_ratio,0.9978066612510155,12283,True,SELECTED,MAR2025_CIR_HSS_INTERVAL
joint_compression_index,0.9969943135662064,11001,True,SELECTED,MAR2025_CIR_HSS_INTERVAL
js_opdi,1.0,12310,True,SELECTED,MAR2025_CIR_HSS_INTERVAL
hellinger_opdi,1.0,12310,True,SELECTED,MAR2025_CIR_HSS_INTERVAL
wasserstein_opdi,1.0,12310,True,SELECTED,MAR2025_CIR_HSS_INTERVAL
d_js_opdi_dt,0.9995125913891145,12304,True,SELECTED,MAR2025_CIR_HSS_INTERVAL
d_hellinger_opdi_dt,0.9995125913891145,12304,True,SELECTED,MAR2025_CIR_HSS_INTERVAL
d_wasserstein_opdi_dt,0.9995125913891145,12304,True,SELECTED,MAR2025_CIR_HSS_INTERVAL
d_opdi_dt,0.9995125913891145,12304,True,SELECTED,MAR2025_CIR_HSS_INTERVAL
opdi_rolling_mean,0.9979691307879772,12285,True,SELECTED,MAR2025_CIR_HSS_INTERVAL
opdi_rolling_median,0.9979691307879772,5933,True,SELECTED,MAR2025_CIR_HSS_INTERVAL
opdi_rolling_variance,0.9979691307879772,12285,True,SELECTED,MAR2025_CIR_HSS_INTERVAL
opdi_anomaly,0.9939073923639318,12235,True,SELECTED,MAR2025_CIR_HSS_INTERVAL
opdi_persistence,1.0,30,True,SELECTED,MAR2025_CIR_HSS_INTERVAL
th1_th2_cosine_similarity,1.0,12310,True,SELECTED,MAR2025_CIR_HSS_INTERVAL
th1_th2_spectral_angle_rad,1.0,12310,True,SELECTED,MAR2025_CIR_HSS_INTERVAL
crossplane_centroid_delta_ev,1.0,12310,True,SELECTED,MAR2025_CIR_HSS_INTERVAL
crossplane_width_delta_ev,1.0,12310,True,SELECTED,MAR2025_CIR_HSS_INTERVAL
crossplane_log_peak_energy_ratio,1.0,81,True,SELECTED,MAR2025_CIR_HSS_INTERVAL
proton_density,1.0,14140,True,SELECTED,OCT2024_ICME_INTERVAL
proton_bulk_speed,1.0,13803,True,SELECTED,OCT2024_ICME_INTERVAL
proton_thermal,1.0,14135,True,SELECTED,OCT2024_ICME_INTERVAL
alpha_proton_ratio,0.7053249416590057,9973,True,SELECTED,OCT2024_ICME_INTERVAL
bmag_gse,1.0,14141,True,SELECTED,OCT2024_ICME_INTERVAL
Bx_gse,1.0,14141,True,SELECTED,OCT2024_ICME_INTERVAL
By_gse,1.0,14141,True,SELECTED,OCT2024_ICME_INTERVAL
Bz_gse,1.0,14139,True,SELECTED,OCT2024_ICME_INTERVAL
d_proton_bulk_speed_dt,0.998373523796054,13950,True,SELECTED,OCT2024_ICME_INTERVAL
d_proton_density_dt,0.998373523796054,14118,True,SELECTED,OCT2024_ICME_INTERVAL
d_bmag_gse_dt,0.9994342691464536,14133,True,SELECTED,OCT2024_ICME_INTERVAL
proton_density_rolling_mean_5m,0.9979492256558942,14112,True,SELECTED,OCT2024_ICME_INTERVAL
proton_density_rolling_median_5m,0.9979492256558942,8770,True,SELECTED,OCT2024_ICME_INTERVAL
proton_density_rolling_variance_5m,0.9979492256558942,14112,True,SELECTED,OCT2024_ICME_INTERVAL
proton_density_rolling_mean_15m,0.9980906583692808,14114,True,SELECTED,OCT2024_ICME_INTERVAL
proton_density_rolling_median_15m,0.9980906583692808,7259,True,SELECTED,OCT2024_ICME_INTERVAL
proton_density_rolling_variance_15m,0.9980906583692808,14114,True,SELECTED,OCT2024_ICME_INTERVAL
proton_density_rolling_mean_60m,0.9929283643306697,14041,True,SELECTED,OCT2024_ICME_INTERVAL
proton_density_rolling_median_60m,0.9929283643306697,6847,True,SELECTED,OCT2024_ICME_INTERVAL
proton_density_rolling_variance_60m,0.9929283643306697,14041,True,SELECTED,OCT2024_ICME_INTERVAL
proton_bulk_speed_rolling_mean_5m,0.9979492256558942,14025,True,SELECTED,OCT2024_ICME_INTERVAL
proton_bulk_speed_rolling_median_5m,0.9979492256558942,8497,True,SELECTED,OCT2024_ICME_INTERVAL
proton_bulk_speed_rolling_variance_5m,0.9979492256558942,14014,True,SELECTED,OCT2024_ICME_INTERVAL
proton_bulk_speed_rolling_mean_15m,0.9980906583692808,14066,True,SELECTED,OCT2024_ICME_INTERVAL
proton_bulk_speed_rolling_median_15m,0.9980906583692808,7145,True,SELECTED,OCT2024_ICME_INTERVAL
proton_bulk_speed_rolling_variance_15m,0.9980906583692808,14064,True,SELECTED,OCT2024_ICME_INTERVAL
proton_bulk_speed_rolling_mean_60m,0.9929283643306697,13999,True,SELECTED,OCT2024_ICME_INTERVAL
proton_bulk_speed_rolling_median_60m,0.9929283643306697,7273,True,SELECTED,OCT2024_ICME_INTERVAL
proton_bulk_speed_rolling_variance_60m,0.9929283643306697,13994,True,SELECTED,OCT2024_ICME_INTERVAL
proton_thermal_rolling_mean_5m,0.9979492256558942,14112,True,SELECTED,OCT2024_ICME_INTERVAL
proton_thermal_rolling_median_5m,0.9979492256558942,8708,True,SELECTED,OCT2024_ICME_INTERVAL
proton_thermal_rolling_variance_5m,0.9979492256558942,14112,True,SELECTED,OCT2024_ICME_INTERVAL
proton_thermal_rolling_mean_15m,0.9980906583692808,14114,True,SELECTED,OCT2024_ICME_INTERVAL
proton_thermal_rolling_median_15m,0.9980906583692808,7148,True,SELECTED,OCT2024_ICME_INTERVAL
proton_thermal_rolling_variance_15m,0.9980906583692808,14114,True,SELECTED,OCT2024_ICME_INTERVAL
proton_thermal_rolling_mean_60m,0.9929283643306697,14041,True,SELECTED,OCT2024_ICME_INTERVAL
proton_thermal_rolling_median_60m,0.9929283643306697,7274,True,SELECTED,OCT2024_ICME_INTERVAL
proton_thermal_rolling_variance_60m,0.9929283643306697,14041,True,SELECTED,OCT2024_ICME_INTERVAL
alpha_proton_ratio_rolling_mean_5m,0.7194682129976664,9944,True,SELECTED,OCT2024_ICME_INTERVAL
alpha_proton_ratio_rolling_median_5m,0.7194682129976664,7045,True,SELECTED,OCT2024_ICME_INTERVAL
alpha_proton_ratio_rolling_variance_5m,0.7194682129976664,9944,True,SELECTED,OCT2024_ICME_INTERVAL
alpha_proton_ratio_rolling_mean_15m,0.8345237253376706,11103,True,SELECTED,OCT2024_ICME_INTERVAL
alpha_proton_ratio_rolling_median_15m,0.8345237253376706,6874,True,SELECTED,OCT2024_ICME_INTERVAL
alpha_proton_ratio_rolling_variance_15m,0.8345237253376706,11103,True,SELECTED,OCT2024_ICME_INTERVAL
alpha_proton_ratio_rolling_mean_60m,0.8807722226150909,11499,True,SELECTED,OCT2024_ICME_INTERVAL
alpha_proton_ratio_rolling_median_60m,0.8807722226150909,6169,True,SELECTED,OCT2024_ICME_INTERVAL
alpha_proton_ratio_rolling_variance_60m,0.8807722226150909,11499,True,SELECTED,OCT2024_ICME_INTERVAL
bmag_gse_rolling_mean_5m,0.9985149565094407,14120,True,SELECTED,OCT2024_ICME_INTERVAL
bmag_gse_rolling_median_5m,0.9985149565094407,8937,True,SELECTED,OCT2024_ICME_INTERVAL
bmag_gse_rolling_variance_5m,0.9985149565094407,14120,True,SELECTED,OCT2024_ICME_INTERVAL
bmag_gse_rolling_mean_15m,0.9975249275157344,14106,True,SELECTED,OCT2024_ICME_INTERVAL
bmag_gse_rolling_median_15m,0.9975249275157344,7862,True,SELECTED,OCT2024_ICME_INTERVAL
bmag_gse_rolling_variance_15m,0.9975249275157344,14106,True,SELECTED,OCT2024_ICME_INTERVAL
bmag_gse_rolling_mean_60m,0.9929283643306697,14041,True,SELECTED,OCT2024_ICME_INTERVAL
bmag_gse_rolling_median_60m,0.9929283643306697,7960,True,SELECTED,OCT2024_ICME_INTERVAL
bmag_gse_rolling_variance_60m,0.9929283643306697,14041,True,SELECTED,OCT2024_ICME_INTERVAL
density_compression_ratio,0.9980906583692808,14113,True,SELECTED,OCT2024_ICME_INTERVAL
bmag_compression_ratio,0.9975249275157344,14106,True,SELECTED,OCT2024_ICME_INTERVAL
speed_compression_ratio,0.9980906583692808,13981,True,SELECTED,OCT2024_ICME_INTERVAL
dynamic_pressure_proxy,1.0,14141,True,SELECTED,OCT2024_ICME_INTERVAL
dynamic_pressure_compression_ratio,0.9980906583692808,14114,True,SELECTED,OCT2024_ICME_INTERVAL
joint_compression_index,0.9973834948023478,12317,True,SELECTED,OCT2024_ICME_INTERVAL
js_opdi,1.0,14141,True,SELECTED,OCT2024_ICME_INTERVAL
hellinger_opdi,1.0,14141,True,SELECTED,OCT2024_ICME_INTERVAL
wasserstein_opdi,1.0,14141,True,SELECTED,OCT2024_ICME_INTERVAL
d_js_opdi_dt,0.9995757018598401,14135,True,SELECTED,OCT2024_ICME_INTERVAL
d_hellinger_opdi_dt,0.9995757018598401,14135,True,SELECTED,OCT2024_ICME_INTERVAL
d_wasserstein_opdi_dt,0.9995757018598401,14135,True,SELECTED,OCT2024_ICME_INTERVAL
d_opdi_dt,0.9995757018598401,14135,True,SELECTED,OCT2024_ICME_INTERVAL
opdi_rolling_mean,0.9982320910826674,14116,True,SELECTED,OCT2024_ICME_INTERVAL
opdi_rolling_median,0.9982320910826674,6716,True,SELECTED,OCT2024_ICME_INTERVAL
opdi_rolling_variance,0.9982320910826674,14116,True,SELECTED,OCT2024_ICME_INTERVAL
opdi_anomaly,0.9946962732480022,14066,True,SELECTED,OCT2024_ICME_INTERVAL
opdi_persistence,1.0,27,True,SELECTED,OCT2024_ICME_INTERVAL
th1_th2_cosine_similarity,1.0,14141,True,SELECTED,OCT2024_ICME_INTERVAL
th1_th2_spectral_angle_rad,1.0,14141,True,SELECTED,OCT2024_ICME_INTERVAL
crossplane_centroid_delta_ev,1.0,14141,True,SELECTED,OCT2024_ICME_INTERVAL
crossplane_width_delta_ev,1.0,14141,True,SELECTED,OCT2024_ICME_INTERVAL
crossplane_log_peak_energy_ratio,1.0,77,True,SELECTED,OCT2024_ICME_INTERVAL
proton_density,1.0,16061,True,SELECTED,SEP2024_QUIET_INTERVAL
proton_bulk_speed,1.0,15671,True,SELECTED,SEP2024_QUIET_INTERVAL
proton_thermal,1.0,16055,True,SELECTED,SEP2024_QUIET_INTERVAL
alpha_proton_ratio,0.6789938986427593,10905,True,SELECTED,SEP2024_QUIET_INTERVAL
bmag_gse,1.0,16062,True,SELECTED,SEP2024_QUIET_INTERVAL
Bx_gse,1.0,16062,True,SELECTED,SEP2024_QUIET_INTERVAL
By_gse,1.0,16062,True,SELECTED,SEP2024_QUIET_INTERVAL
Bz_gse,1.0,16061,True,SELECTED,SEP2024_QUIET_INTERVAL
d_proton_bulk_speed_dt,0.9960154401693438,15807,True,SELECTED,SEP2024_QUIET_INTERVAL
d_proton_density_dt,0.9960154401693438,15998,True,SELECTED,SEP2024_QUIET_INTERVAL
d_bmag_gse_dt,0.9995019300211679,16054,True,SELECTED,SEP2024_QUIET_INTERVAL
proton_density_rolling_mean_5m,0.9969493213796539,16013,True,SELECTED,SEP2024_QUIET_INTERVAL
proton_density_rolling_median_5m,0.9969493213796539,9961,True,SELECTED,SEP2024_QUIET_INTERVAL
proton_density_rolling_variance_5m,0.9969493213796539,16013,True,SELECTED,SEP2024_QUIET_INTERVAL
proton_density_rolling_mean_15m,0.998194496326734,16033,True,SELECTED,SEP2024_QUIET_INTERVAL
proton_density_rolling_median_15m,0.998194496326734,8244,True,SELECTED,SEP2024_QUIET_INTERVAL
proton_density_rolling_variance_15m,0.998194496326734,16033,True,SELECTED,SEP2024_QUIET_INTERVAL
proton_density_rolling_mean_60m,0.9937741252645996,15962,True,SELECTED,SEP2024_QUIET_INTERVAL
proton_density_rolling_median_60m,0.9937741252645996,7816,True,SELECTED,SEP2024_QUIET_INTERVAL
proton_density_rolling_variance_60m,0.9937741252645996,15962,True,SELECTED,SEP2024_QUIET_INTERVAL
proton_bulk_speed_rolling_mean_5m,0.9969493213796539,15918,True,SELECTED,SEP2024_QUIET_INTERVAL
proton_bulk_speed_rolling_median_5m,0.9969493213796539,9691,True,SELECTED,SEP2024_QUIET_INTERVAL
proton_bulk_speed_rolling_variance_5m,0.9969493213796539,15902,True,SELECTED,SEP2024_QUIET_INTERVAL
proton_bulk_speed_rolling_mean_15m,0.998194496326734,15977,True,SELECTED,SEP2024_QUIET_INTERVAL
proton_bulk_speed_rolling_median_15m,0.998194496326734,8213,True,SELECTED,SEP2024_QUIET_INTERVAL
proton_bulk_speed_rolling_variance_15m,0.998194496326734,15975,True,SELECTED,SEP2024_QUIET_INTERVAL
proton_bulk_speed_rolling_mean_60m,0.9937741252645996,15920,True,SELECTED,SEP2024_QUIET_INTERVAL
proton_bulk_speed_rolling_median_60m,0.9937741252645996,8324,True,SELECTED,SEP2024_QUIET_INTERVAL
proton_bulk_speed_rolling_variance_60m,0.9937741252645996,15915,True,SELECTED,SEP2024_QUIET_INTERVAL
proton_thermal_rolling_mean_5m,0.9969493213796539,16013,True,SELECTED,SEP2024_QUIET_INTERVAL
proton_thermal_rolling_median_5m,0.9969493213796539,9898,True,SELECTED,SEP2024_QUIET_INTERVAL
proton_thermal_rolling_variance_5m,0.9969493213796539,16013,True,SELECTED,SEP2024_QUIET_INTERVAL
proton_thermal_rolling_mean_15m,0.998194496326734,16033,True,SELECTED,SEP2024_QUIET_INTERVAL
proton_thermal_rolling_median_15m,0.998194496326734,8142,True,SELECTED,SEP2024_QUIET_INTERVAL
proton_thermal_rolling_variance_15m,0.998194496326734,16033,True,SELECTED,SEP2024_QUIET_INTERVAL
proton_thermal_rolling_mean_60m,0.9937741252645996,15962,True,SELECTED,SEP2024_QUIET_INTERVAL
proton_thermal_rolling_median_60m,0.9937741252645996,8212,True,SELECTED,SEP2024_QUIET_INTERVAL
proton_thermal_rolling_variance_60m,0.9937741252645996,15962,True,SELECTED,SEP2024_QUIET_INTERVAL
alpha_proton_ratio_rolling_mean_5m,0.6914456481135599,10816,True,SELECTED,SEP2024_QUIET_INTERVAL
alpha_proton_ratio_rolling_median_5m,0.6914456481135599,7706,True,SELECTED,SEP2024_QUIET_INTERVAL
alpha_proton_ratio_rolling_variance_5m,0.6914456481135599,10816,True,SELECTED,SEP2024_QUIET_INTERVAL
alpha_proton_ratio_rolling_mean_15m,0.8085543518864401,12157,True,SELECTED,SEP2024_QUIET_INTERVAL
alpha_proton_ratio_rolling_median_15m,0.8085543518864401,7575,True,SELECTED,SEP2024_QUIET_INTERVAL
alpha_proton_ratio_rolling_variance_15m,0.8085543518864401,12157,True,SELECTED,SEP2024_QUIET_INTERVAL
alpha_proton_ratio_rolling_mean_60m,0.8520732162868883,12563,True,SELECTED,SEP2024_QUIET_INTERVAL
alpha_proton_ratio_rolling_median_60m,0.8520732162868883,6806,True,SELECTED,SEP2024_QUIET_INTERVAL
alpha_proton_ratio_rolling_variance_60m,0.8520732162868883,12563,True,SELECTED,SEP2024_QUIET_INTERVAL
bmag_gse_rolling_mean_5m,0.9986925663055659,16041,True,SELECTED,SEP2024_QUIET_INTERVAL
bmag_gse_rolling_median_5m,0.9986925663055659,10241,True,SELECTED,SEP2024_QUIET_INTERVAL
bmag_gse_rolling_variance_5m,0.9986925663055659,16041,True,SELECTED,SEP2024_QUIET_INTERVAL
bmag_gse_rolling_mean_15m,0.9978209438426099,16027,True,SELECTED,SEP2024_QUIET_INTERVAL
bmag_gse_rolling_median_15m,0.9978209438426099,9027,True,SELECTED,SEP2024_QUIET_INTERVAL
bmag_gse_rolling_variance_15m,0.9978209438426099,16027,True,SELECTED,SEP2024_QUIET_INTERVAL
bmag_gse_rolling_mean_60m,0.9937741252645996,15962,True,SELECTED,SEP2024_QUIET_INTERVAL
bmag_gse_rolling_median_60m,0.9937741252645996,9233,True,SELECTED,SEP2024_QUIET_INTERVAL
bmag_gse_rolling_variance_60m,0.9937741252645996,15962,True,SELECTED,SEP2024_QUIET_INTERVAL
density_compression_ratio,0.998194496326734,16032,True,SELECTED,SEP2024_QUIET_INTERVAL
bmag_compression_ratio,0.9978209438426099,16027,True,SELECTED,SEP2024_QUIET_INTERVAL
speed_compression_ratio,0.998194496326734,15874,True,SELECTED,SEP2024_QUIET_INTERVAL
dynamic_pressure_proxy,1.0,16062,True,SELECTED,SEP2024_QUIET_INTERVAL
dynamic_pressure_compression_ratio,0.998194496326734,16033,True,SELECTED,SEP2024_QUIET_INTERVAL
joint_compression_index,0.9975719088531939,13937,True,SELECTED,SEP2024_QUIET_INTERVAL
js_opdi,1.0,16062,True,SELECTED,SEP2024_QUIET_INTERVAL
hellinger_opdi,1.0,16062,True,SELECTED,SEP2024_QUIET_INTERVAL
wasserstein_opdi,1.0,16062,True,SELECTED,SEP2024_QUIET_INTERVAL
d_js_opdi_dt,0.9996264475158759,16056,True,SELECTED,SEP2024_QUIET_INTERVAL
d_hellinger_opdi_dt,0.9996264475158759,16056,True,SELECTED,SEP2024_QUIET_INTERVAL
d_wasserstein_opdi_dt,0.9996264475158759,16056,True,SELECTED,SEP2024_QUIET_INTERVAL
d_opdi_dt,0.9996264475158759,16056,True,SELECTED,SEP2024_QUIET_INTERVAL
opdi_rolling_mean,0.9984435313161499,16037,True,SELECTED,SEP2024_QUIET_INTERVAL
opdi_rolling_median,0.9984435313161499,7616,True,SELECTED,SEP2024_QUIET_INTERVAL
opdi_rolling_variance,0.9984435313161499,16037,True,SELECTED,SEP2024_QUIET_INTERVAL
opdi_anomaly,0.9953305939484498,15987,True,SELECTED,SEP2024_QUIET_INTERVAL
opdi_persistence,1.0,30,True,SELECTED,SEP2024_QUIET_INTERVAL
th1_th2_cosine_similarity,1.0,16062,True,SELECTED,SEP2024_QUIET_INTERVAL
th1_th2_spectral_angle_rad,1.0,16062,True,SELECTED,SEP2024_QUIET_INTERVAL
crossplane_centroid_delta_ev,1.0,16062,True,SELECTED,SEP2024_QUIET_INTERVAL
crossplane_width_delta_ev,1.0,16062,True,SELECTED,SEP2024_QUIET_INTERVAL
crossplane_log_peak_energy_ratio,1.0,80,True,SELECTED,SEP2024_QUIET_INTERVAL
